dtp_id,temp_c,feels_like_c,precipitation_type,precipitation_mm,snow_depth_cm,wind_speed_ms,wind_gust_ms,humidity_pct,pressure_hpa,visibility_m,sunrise_ts,sunset_ts,daylight_minutes,is_twilight,is_dark,is_daylight,day_of_week,is_weekend,is_holiday,holiday_name,season,ice_risk,low_visibility_flag,bad_weather_flag,dark_without_lights_flag
619170627,15.05,11.341955,none,0.0,0.0,21.585745,38.88,62.10742,994.92523,,2024-10-11 06:53:41.652083,2024-10-11 17:38:30.469602,644.8136253166666,0,0,1,4,0,0,,autumn,0,0,1,0
619179227,11.35,7.904558,none,0.0,0.0,19.107151,33.48,76.93811,998.4222,,2024-10-11 06:54:16.330054,2024-10-11 17:39:06.657546,644.8387915333333,1,0,0,4,0,0,,autumn,0,0,1,0
619143627,15.05,11.097129,none,0.0,0.0,22.83731,40.32,61.058693,999.48145,,2024-10-11 06:52:49.154151,2024-10-11 17:37:56.193332,645.1173196833333,0,0,1,4,0,0,,autumn,0,0,1,0
619237427,9.75,5.8282547,none,0.0,0.0,21.301687,34.2,81.8664,1000.70197,,2024-10-11 06:53:01.982962,2024-10-11 17:38:07.948991,645.0994338166668,0,1,0,4,0,0,,autumn,0,0,1,1
619179827,11.2,7.8934,none,0.0,0.0,17.82091,32.399998,76.651665,993.2877,,2024-10-11 06:53:54.602489,2024-10-11 17:39:16.028529,645.3571006666666,0,1,0,4,0,0,,autumn,0,0,1,1
619080427,8.4,4.790263,none,0.0,0.0,16.992609,30.239998,81.406265,995.048,,2024-10-11 06:53:13.212629,2024-10-11 17:37:46.463337,644.5541784666667,0,1,0,4,0,0,,autumn,0,0,1,1
599928827,13.8,11.067129,none,0.0,0.0,16.58346,34.92,71.811676,993.79016,,2024-04-08 05:44:05.087448,2024-04-08 19:23:27.225607,819.3689693166667,0,0,1,0,0,0,,spring,0,0,1,0
619183427,9.2,5.5850506,none,0.0,0.0,19.03665,35.64,84.366615,993.7435,,2024-10-11 06:54:11.784628,2024-10-11 17:39:29.809107,645.3004079833333,0,1,0,4,0,0,,autumn,0,0,1,1
619203827,12.45,9.172147,none,0.0,0.0,18.466455,31.319998,73.03652,996.1084,,2024-10-11 06:53:38.268142,2024-10-11 17:38:26.535466,644.8044554,0,0,1,4,0,0,,autumn,0,0,1,0
620088827,10.8,7.269663,none,0.0,0.0,19.107151,34.2,77.9103,995.7814,,2024-10-11 06:54:07.547475,2024-10-11 17:39:22.435673,645.2481366333334,0,1,0,4,0,0,,autumn,0,0,1,1
619163627,15.2,11.324979,none,0.0,0.0,22.303299,38.519997,60.47288,995.15106,,2024-10-11 06:53:17.088728,2024-10-11 17:38:09.684094,644.8765894333334,0,0,1,4,0,0,,autumn,0,0,1,0
619112627,10.4,6.8724804,none,0.0,0.0,19.586119,35.28,81.67154,992.03577,,2024-10-11 06:53:29.997373,2024-10-11 17:38:40.665924,645.1778091833334,0,0,1,4,0,0,,autumn,0,0,1,0
619183627,8.55,4.5546885,none,0.0,0.0,20.390114,35.64,83.42314,998.011,,2024-10-11 06:52:28.817435,2024-10-11 17:37:35.795824,645.1163064833333,0,1,0,4,0,0,,autumn,0,0,1,1
619397227,12.75,8.458395,none,0.0,0.0,24.32665,45.719997,68.50535,999.09265,,2024-10-12 06:55:26.879274,2024-10-12 17:35:24.900744,639.9670245,0,0,1,5,1,0,,autumn,0,0,1,0
619649627,11.9,7.8528852,none,0.0,0.0,22.404757,40.68,71.69859,998.7737,,2024-10-12 06:55:09.421758,2024-10-12 17:35:48.058908,640.6439525000001,0,0,1,5,1,0,,autumn,0,0,1,0
619320027,11.7,7.5977345,none,0.0,0.0,22.218153,39.96,70.92616,1002.61914,,2024-10-12 06:54:11.336413,2024-10-12 17:34:55.853847,640.7419572333333,0,0,1,5,1,0,,autumn,0,0,1,0
619226227,12.5,8.311359,none,0.0,0.0,22.970285,41.760002,67.752884,1001.4399,,2024-10-12 06:54:32.861024,2024-10-12 17:35:13.450206,640.6764863666667,0,0,1,5,1,0,,autumn,0,0,1,0
619234827,11.6,7.5999756,none,0.0,0.0,21.437386,42.839996,71.15108,998.356,,2024-10-12 06:54:30.436254,2024-10-12 17:34:45.265923,640.24716115,0,0,1,5,1,0,,autumn,0,0,1,0
619274627,8.55,3.9405527,none,0.0,0.0,20.924952,35.64,69.56845,1002.4079,,2024-10-12 06:55:40.331873,2024-10-12 17:36:17.510410,640.6196422833333,0,1,0,5,1,0,,autumn,0,0,1,1
619385627,13.15,8.864554,none,0.0,0.0,24.366573,45.719997,66.96615,998.81946,,2024-10-12 06:54:38.927680,2024-10-12 17:34:53.521818,640.2432356333334,0,0,1,5,1,0,,autumn,0,0,1,0
619205027,9.7,5.9919252,none,0.0,0.0,19.119015,38.519997,79.63899,994.053,,2024-10-12 06:54:59.795647,2024-10-12 17:36:05.201229,641.0900930333333,0,0,1,5,1,0,,autumn,0,0,1,0
619266627,11.8,7.6534653,none,0.0,0.0,22.842985,39.6,71.43421,1003.26764,,2024-10-12 06:54:55.208196,2024-10-12 17:35:16.149494,640.3490216333333,0,0,1,5,1,0,,autumn,0,0,1,0
619496227,11.6,7.4854755,none,0.0,0.0,22.222528,39.96,71.15108,995.6239,,2024-10-12 06:54:47.492075,2024-10-12 17:35:46.723534,640.9871909833333,0,0,1,5,1,0,,autumn,0,0,1,0
619229227,12.45,8.272917,none,0.0,0.0,23.623928,41.760002,70.10527,996.68024,,2024-10-12 06:56:07.751156,2024-10-12 17:36:13.834077,640.1013820166667,0,0,1,5,1,0,,autumn,0,0,1,0
619189427,8.65,4.442692,none,0.0,0.0,21.691305,37.44,82.28971,993.5015,,2024-10-12 06:55:19.969299,2024-10-12 17:35:57.704475,640.6289196,0,0,1,5,1,0,,autumn,0,0,1,0
619204027,8.2,4.19738,none,0.0,0.0,20.135878,34.56,84.251724,1001.61914,,2024-10-12 06:54:32.507558,2024-10-12 17:35:16.221581,640.72856705,0,1,0,5,1,0,,autumn,0,0,1,1
619944627,7.95,4.0317287,none,0.0,0.0,19.406637,32.760002,85.103264,997.17944,,2024-10-12 06:54:45.226655,2024-10-12 17:35:39.027805,640.8966858333333,0,1,0,5,1,0,,autumn,0,0,1,1
620872627,12.95,8.796515,none,0.0,0.0,23.877665,44.28,69.01623,993.07544,,2024-10-12 06:55:12.724478,2024-10-12 17:35:57.130224,640.7400957666666,0,0,1,5,1,0,,autumn,0,0,1,0
619243827,13.6,9.095554,none,0.0,0.0,25.950605,43.92,65.25418,1002.9113,,2024-10-12 06:55:04.892887,2024-10-12 17:35:34.414763,640.4920312666667,0,0,1,5,1,0,,autumn,0,0,1,0
619185827,8.35,4.1581345,none,0.0,0.0,21.661413,38.16,84.26902,997.7792,,2024-10-12 06:55:10.947951,2024-10-12 17:35:09.831053,639.9813850333334,0,1,0,5,1,0,,autumn,0,0,1,1
619408827,7.65,3.064148,none,0.0,0.0,19.87024,35.64,70.37817,1005.4158,,2024-10-12 06:55:08.126674,2024-10-12 17:35:10.729020,640.0433724333333,0,1,0,5,1,0,,autumn,0,0,1,1
619652627,8.6,4.2805786,none,0.0,0.0,20.00512,36.0,73.34809,1000.1313,,2024-10-12 06:54:46.334080,2024-10-12 17:35:43.107248,640.9462194666667,0,1,0,5,1,0,,autumn,0,0,1,1
619339827,8.05,3.656125,none,0.0,0.0,21.710716,41.039997,80.79477,997.85034,,2024-10-12 06:54:28.341122,2024-10-12 17:34:43.481848,640.2523454333333,1,0,1,5,1,0,,autumn,0,0,1,0
619253627,12.35,8.327034,none,0.0,0.0,22.402588,45.0,70.08557,1003.0259,,2024-10-12 06:53:51.981885,2024-10-12 17:34:26.289420,640.57179225,0,0,1,5,1,0,,autumn,0,0,1,0
619452227,5.8,-0.046437263,none,0.0,0.0,24.850431,39.96,63.250328,1006.44653,,2024-10-13 06:56:38.965464,2024-10-13 17:32:53.859590,636.2482354333333,0,1,0,6,1,0,,autumn,0,0,1,1
619308827,4.75,-1.1103652,none,0.0,0.0,24.544765,45.0,66.07782,1005.61786,,2024-10-13 06:57:10.204200,2024-10-13 17:32:39.903463,635.4949877166667,0,0,1,6,1,0,,autumn,0,0,1,0
619355627,6.4,1.2607975,none,0.0,0.0,20.05203,38.16,60.906395,1001.7755,,2024-10-13 06:59:40.243983,2024-10-13 17:35:36.262318,635.9336389166667,0,1,0,6,1,0,,autumn,0,0,1,1
619328227,6.45,0.98764086,none,0.0,0.0,22.370024,42.839996,61.140926,997.8276,,2024-10-13 06:57:32.653607,2024-10-13 17:33:56.325899,636.3945382,0,0,1,6,1,0,,autumn,0,0,1,0
619361627,5.3,-0.5198858,none,0.0,0.0,21.45627,40.68,50.354454,999.52765,,2024-10-13 06:56:23.786695,2024-10-13 17:32:11.955714,635.8028169833334,0,1,0,6,1,0,,autumn,0,0,1,1
619425027,5.65,0.05806446,none,0.0,0.0,23.00411,41.399998,63.44601,999.0186,,2024-10-13 06:57:00.559988,2024-10-13 17:33:33.615865,636.5509312833333,0,1,0,6,1,0,,autumn,0,0,1,1
619492227,6.85,1.132082,none,0.0,0.0,24.122686,41.760002,59.48347,1001.84485,,2024-10-13 06:57:51.447394,2024-10-13 17:33:28.722553,635.62125265,0,0,1,6,1,0,,autumn,0,0,1,0
619357227,5.6,-0.2868607,none,0.0,0.0,23.770906,41.399998,57.874813,1007.46936,,2024-10-13 06:56:30.308564,2024-10-13 17:32:46.729478,636.2736819,0,1,0,6,1,0,,autumn,0,0,1,1
619281427,4.4,-0.87244296,none,0.0,0.0,21.638964,34.56,73.360535,1003.3773,,2024-10-13 06:57:25.353504,2024-10-13 17:33:09.950107,635.7432767166666,0,1,0,6,1,0,,autumn,0,0,1,1
619538427,6.1,0.41133118,none,0.0,0.0,23.667776,43.199997,61.502518,1004.8487,,2024-10-13 06:57:49.094018,2024-10-13 17:33:38.438664,635.8224107666666,0,0,1,6,1,0,,autumn,0,0,1,0
619356027,5.75,-0.2509339,none,0.0,0.0,23.964348,39.96,54.588478,1000.6347,,2024-10-13 06:57:08.839838,2024-10-13 17:33:00.216026,635.8562698000001,0,1,0,6,1,0,,autumn,0,0,1,1
619430427,6.5,1.0098515,none,0.0,0.0,23.080746,45.0,63.18554,1003.4052,,2024-10-13 06:56:29.189835,2024-10-13 17:32:09.448455,635.670977,0,0,1,6,1,0,,autumn,0,0,1,0
619295027,4.8,-1.0690343,none,0.0,0.0,24.456827,45.0,65.12877,1003.8736,,2024-10-13 06:56:28.627891,2024-10-13 17:32:20.951451,635.8720593333333,0,0,1,6,1,0,,autumn,0,0,1,0
620913227,5.8,0.029659748,none,0.0,0.0,24.430317,39.239998,63.712967,1001.69073,,2024-10-13 06:57:12.327351,2024-10-13 17:32:58.263535,635.7656030666666,0,1,0,6,1,0,,autumn,0,0,1,1
619352627,6.0,0.54787016,none,0.0,0.0,22.557526,38.519997,64.224915,1005.1828,,2024-10-13 06:56:19.737219,2024-10-13 17:32:29.546785,636.1634927666668,1,0,0,6,1,0,,autumn,0,0,1,0
619276427,8.1,3.5694685,none,0.0,0.0,20.12461,33.839996,70.717255,1002.9634,,2024-10-13 06:57:49.308081,2024-10-13 17:33:33.069893,635.7293635333333,0,1,0,6,1,0,,autumn,0,0,1,1
619342427,6.4,0.96162367,none,0.0,0.0,22.725668,42.839996,63.62187,1002.44366,,2024-10-13 06:56:56.823637,2024-10-13 17:33:20.178770,636.3892522166666,0,0,1,6,1,0,,autumn,0,0,1,0
619518627,5.7,-0.2917447,none,0.0,0.0,24.817816,40.32,58.976204,1005.0645,,2024-10-13 06:57:05.842808,2024-10-13 17:33:09.028315,636.0530917833333,0,1,0,6,1,0,,autumn,0,0,1,1
619361827,5.6,-0.56597614,none,0.0,0.0,23.910208,40.68,49.688885,1000.9906,,2024-10-13 06:57:10.566052,2024-10-13 17:33:19.099662,636.1422268333333,0,1,0,6,1,0,,autumn,0,0,1,1
619363627,6.6,1.6978035,none,0.0,0.0,19.477463,37.079998,64.59643,996.4488,,2024-10-13 06:59:03.174179,2024-10-13 17:35:08.822892,636.0941452166667,0,0,1,6,1,0,,autumn,0,0,1,0
619326427,7.1,1.4798899,none,0.0,0.0,23.148027,42.12,57.207993,1001.5966,,2024-10-13 06:56:57.020997,2024-10-13 17:33:21.709808,636.4114801833333,0,0,1,6,1,0,,autumn,0,0,1,0
619348427,5.8,0.050634384,none,0.0,0.0,23.78453,42.12,61.42941,1004.5319,,2024-10-13 06:56:20.235943,2024-10-13 17:32:24.007205,636.0628543666667,0,1,0,6,1,0,,autumn,0,0,1,1
619348827,6.0,0.44585705,none,0.0,0.0,23.30913,37.8,64.45864,1005.8691,,2024-10-13 06:57:25.384089,2024-10-13 17:33:21.150456,635.9294394499999,1,0,0,6,1,0,,autumn,0,0,1,0
620002227,4.95,-0.9369981,none,0.0,0.0,24.482647,43.56,63.980938,1009.282,,2024-10-13 06:56:32.223491,2024-10-13 17:32:44.936044,636.2118758833333,0,0,1,6,1,0,,autumn,0,0,1,0
619321427,5.95,0.2760501,none,0.0,0.0,23.667776,42.839996,62.597786,1004.2258,,2024-10-13 06:57:47.868005,2024-10-13 17:33:21.810346,635.5657056833334,0,0,1,6,1,0,,autumn,0,0,1,0
619339227,6.85,1.5275092,none,0.0,0.0,21.565474,41.760002,60.136345,1003.3787,,2024-10-13 06:58:08.342893,2024-10-13 17:34:21.609427,636.2211089,0,0,1,6,1,0,,autumn,0,0,1,0
619327027,6.75,0.96919584,none,0.0,0.0,24.300001,41.399998,58.81151,1003.9871,,2024-10-13 06:57:31.609831,2024-10-13 17:33:20.565457,635.8159271000001,0,0,1,6,1,0,,autumn,0,0,1,0
619407827,6.3,1.3195748,none,0.0,0.0,20.620804,35.64,68.612114,1000.83356,,2024-10-13 06:57:03.772552,2024-10-13 17:33:14.740957,636.1828067499999,0,1,0,6,1,0,,autumn,0,0,1,1
619646427,1.1,-4.5017614,snow,0.8,4.0,23.166916,46.44,88.10199,996.1376,,2024-10-14 06:59:26.549331,2024-10-14 17:30:21.187846,630.9106419166667,0,0,1,0,0,0,,autumn,1,0,1,0
619382227,1.8,-4.511344,snow,0.3,0.0,24.823036,43.199997,64.43521,995.3368,,2024-10-14 06:59:58.979426,2024-10-14 17:30:56.199700,630.9536712333334,0,0,1,0,0,0,,autumn,1,0,1,0
619450427,1.2,-3.652618,snow,0.1,5.0,18.337044,36.0,89.40323,995.1387,,2024-10-14 06:59:01.047242,2024-10-14 17:30:14.674100,631.2271143,0,1,0,0,0,0,,autumn,1,0,1,1
619396627,1.2,-5.004406,snow,0.6,0.0,24.29133,41.039997,68.5383,997.1208,,2024-10-14 06:59:36.270928,2024-10-14 17:30:50.597223,631.2387715833333,0,0,1,0,0,0,,autumn,1,0,1,0
619468827,1.15,-3.0997097,snow,1.0,6.0,15.3802595,29.519999,97.1628,998.9536,,2024-10-14 06:58:33.255336,2024-10-14 17:30:18.874537,631.7603200166667,0,1,0,0,0,0,,autumn,1,0,1,1
619446427,1.15,-4.2333646,snow,0.6,5.0,21.771072,38.16,88.42814,997.77924,,2024-10-14 06:58:39.682092,2024-10-14 17:30:10.904442,631.5203724999999,0,1,0,0,0,0,,autumn,1,0,1,1
619458427,1.2,-3.4595728,snow,0.2,6.0,17.169018,30.960001,90.38327,993.53864,,2024-10-14 06:59:45.918257,2024-10-14 17:30:53.536815,631.1269759666667,0,1,0,0,0,0,,autumn,1,0,1,1
619384427,1.85,-4.446845,snow,0.3,0.0,24.485292,42.12,62.773453,998.5228,,2024-10-14 06:59:40.675030,2024-10-14 17:30:56.505359,631.2638388166666,0,0,1,0,0,0,,autumn,1,0,1,0
619970827,1.2,-3.9275095,snow,0.6,4.0,20.170443,38.16,89.07864,996.5921,,2024-10-14 06:58:11.433727,2024-10-14 17:29:36.064845,631.4105186333333,0,1,0,0,0,0,,autumn,1,0,1,1
619877827,1.3,-3.1427858,snow,0.5,5.0,16.375053,29.16,94.06352,996.06415,,2024-10-14 06:58:17.533040,2024-10-14 17:29:47.404454,631.4978569,0,1,0,0,0,0,,autumn,1,0,1,1
621891027,1.1,-4.078822,snow,0.6,5.0,20.41949,39.96,89.07018,997.3533,,2024-10-14 06:58:52.489340,2024-10-14 17:30:06.329440,631.2306683333334,0,1,0,0,0,0,,autumn,1,0,1,1
619448827,1.05,-4.268366,snow,0.6,6.0,21.274294,38.16,88.74204,994.85565,,2024-10-14 06:59:49.474660,2024-10-14 17:31:19.589127,631.5019077833333,0,1,0,0,0,0,,autumn,1,0,1,1
620328227,1.15,-3.275542,snow,0.8,6.0,16.530626,27.359999,96.813225,995.2403,,2024-10-14 06:58:53.241519,2024-10-14 17:30:16.126627,631.3814184666667,0,1,0,0,0,0,,autumn,1,0,1,1
619450227,0.75,-4.445064,snow,0.6,5.0,20.530258,38.88,91.342316,992.9306,,2024-10-14 06:59:50.108541,2024-10-14 17:30:46.016812,630.9318045166667,1,0,0,0,0,0,,autumn,1,0,1,0
619449027,1.15,-3.7460985,snow,0.1,6.0,18.532135,35.28,89.07441,994.3221,,2024-10-14 06:58:49.595679,2024-10-14 17:30:42.982646,631.8897827833333,0,1,0,0,0,0,,autumn,1,0,1,1
619707627,1.55,-4.5559216,snow,0.3,0.0,23.334139,42.12,65.10688,996.67365,,2024-10-14 06:59:08.581600,2024-10-14 17:30:54.594254,631.7668775666666,0,0,1,0,0,0,,autumn,1,0,1,0
619446027,1.1,-4.2466536,snow,0.6,5.0,21.46835,38.519997,88.423676,994.83386,,2024-10-14 06:59:18.596368,2024-10-14 17:30:38.600062,631.3333949,0,1,0,0,0,0,,autumn,1,0,1,1
619439027,0.45,-4.3885546,snow,0.8,6.0,17.932373,41.760002,92.32669,986.9593,,2024-10-14 07:01:25.650039,2024-10-14 17:33:59.586950,632.5656151833333,0,0,1,0,0,0,,autumn,1,0,1,0
619443427,1.05,-4.2383485,snow,0.6,5.0,21.068459,38.88,88.74204,996.4367,,2024-10-14 07:00:01.981510,2024-10-14 17:31:09.229922,631.1208068666667,1,0,0,0,0,0,,autumn,1,0,1,0
619953627,5.35,-0.55366254,none,0.0,0.0,21.67487,40.68,48.509506,998.551,,2024-10-14 06:59:57.590614,2024-10-14 17:31:40.575849,631.7164205833334,0,1,0,0,0,0,,autumn,0,0,1,1
619447427,0.55,-5.3306293,snow,1.1,3.0,24.192429,48.96,85.81974,993.2286,,2024-10-14 06:59:53.729489,2024-10-14 17:31:39.332988,631.7600583166666,0,0,1,0,0,0,,autumn,1,0,1,0
625156427,1.2,-3.9275095,snow,0.6,5.0,20.170443,38.16,89.07864,995.72687,,2024-10-14 06:58:25.467804,2024-10-14 17:29:51.606503,631.4356449833334,0,1,0,0,0,0,,autumn,1,0,1,1
619451827,0.95,-4.523243,snow,1.1,5.0,22.134146,42.12,88.08821,993.16785,,2024-10-14 06:59:14.265089,2024-10-14 17:30:54.639544,631.6729075833333,0,0,1,0,0,0,,autumn,1,0,1,0
619371227,3.25,-2.9341972,none,0.0,0.0,22.916622,42.48,52.49448,998.0517,,2024-10-14 06:58:40.337010,2024-10-14 17:29:43.702439,631.0560904833333,0,1,0,0,0,0,,autumn,0,0,1,1
619433427,0.9,-5.1071744,snow,1.4,3.0,25.497175,43.56,86.4884,994.4186,,2024-10-14 06:59:25.692448,2024-10-14 17:30:34.983877,631.15485715,0,0,1,0,0,0,,autumn,1,0,1,0
619947027,1.0,-4.5507336,snow,1.0,4.0,22.766264,42.48,88.41473,996.35645,,2024-10-14 06:59:24.665164,2024-10-14 17:30:26.274413,631.0268208166667,0,0,1,0,0,0,,autumn,1,0,1,0
619500027,1.2,-3.726132,snow,0.1,6.0,18.738165,35.28,88.755104,991.9856,,2024-10-14 07:00:13.896116,2024-10-14 17:31:15.743971,631.0307975833333,0,1,0,0,0,0,,autumn,1,0,1,1
620208627,1.2,-3.7983053,snow,0.1,6.0,19.233065,34.56,88.755104,997.0434,,2024-10-14 06:59:15.425245,2024-10-14 17:30:44.530880,631.4850939166666,0,1,0,0,0,0,,autumn,1,0,1,1
619456627,1.0,-4.283291,snow,0.6,5.0,21.0846,38.16,89.38676,992.23706,,2024-10-14 06:59:12.837051,2024-10-14 17:30:54.451996,631.6935824166667,0,1,0,0,0,0,,autumn,1,0,1,1
619999627,1.25,-3.7287266,snow,0.1,6.0,19.201874,35.28,89.08288,999.1269,,2024-10-14 06:58:41.506456,2024-10-14 17:30:22.863614,631.6892859666666,0,1,0,0,0,0,,autumn,1,0,1,1
619563827,2.75,-3.4123857,snow,0.6,0.0,23.1774,41.399998,56.69939,1000.03955,,2024-10-14 06:59:06.077433,2024-10-14 17:30:42.953907,631.6146078999999,1,0,1,0,0,0,,autumn,0,0,1,0
619454427,0.8,-3.4342556,snow,0.3,7.0,14.251863,30.960001,93.02141,994.42365,,2024-10-14 06:59:54.335087,2024-10-14 17:32:00.173712,632.0973104166666,0,1,0,0,0,0,,autumn,1,0,0,1
619717027,6.3,3.4805489,none,0.0,4.0,10.272623,19.8,88.256485,997.93567,,2024-10-15 07:00:56.165952,2024-10-15 17:27:49.697442,626.8921915,0,1,0,1,0,0,,autumn,0,0,0,1
619514827,5.05,1.5990148,none,0.0,6.0,13.306615,23.4,90.029755,989.7827,,2024-10-15 07:01:36.040335,2024-10-15 17:28:18.578574,626.70897065,0,0,1,1,0,0,,autumn,0,0,0,0
619527627,7.45,3.7665653,rain,0.1,5.0,15.236338,27.72,77.65704,993.8859,,2024-10-15 07:01:10.546022,2024-10-15 17:28:00.862258,626.8386039333333,0,0,1,1,0,0,,autumn,0,0,1,0
619570227,6.75,3.907339,none,0.0,4.0,10.3621235,18.359999,85.26822,997.91223,,2024-10-15 07:02:03.155863,2024-10-15 17:28:52.082662,626.81544665,0,1,0,1,0,0,,autumn,0,0,0,1
619531027,2.9,-0.29262304,none,0.0,7.0,9.9408245,18.72,95.82991,989.02106,,2024-10-15 07:02:44.566462,2024-10-15 17:28:51.417554,626.1141848666666,0,0,1,1,0,0,,autumn,0,0,0,0
619590827,6.65,3.8099031,rain,0.3,4.0,10.6261,16.919998,87.06417,996.28827,,2024-10-15 07:01:21.841272,2024-10-15 17:28:04.668125,626.7137808833334,0,1,0,1,0,0,,autumn,0,0,0,1
619607227,5.8,3.3463545,none,0.0,3.0,8.404285,14.759999,94.27042,996.5723,,2024-10-15 07:01:39.592368,2024-10-15 17:29:14.817365,627.5870832833333,0,1,0,1,0,0,,autumn,0,0,0,1
619517427,6.9,3.20006,rain,0.1,5.0,15.281989,29.519999,80.352005,989.21814,,2024-10-15 07:01:45.161189,2024-10-15 17:29:00.231931,627.2511790333334,0,0,1,1,0,0,,autumn,0,0,1,0
619646227,6.2,3.354844,none,0.0,4.0,10.308831,17.28,88.24762,994.14386,,2024-10-15 07:01:05.733836,2024-10-15 17:28:15.785698,627.1675310333334,0,1,0,1,0,0,,autumn,0,0,0,1
619579627,6.85,3.9300299,none,0.0,4.0,11.103243,19.08,85.57756,993.87787,,2024-10-15 07:02:03.448449,2024-10-15 17:29:00.437377,626.9498154666667,0,1,0,1,0,0,,autumn,0,0,0,1
620231427,2.9,-0.002682209,none,0.0,5.0,7.9526596,14.04,95.82991,992.1955,,2024-10-15 07:00:35.345404,2024-10-15 17:27:55.983208,627.3439634,1,0,1,1,0,0,,autumn,0,0,0,0
619828227,5.9,2.4439754,none,0.0,5.0,14.082628,28.08,88.2209,991.5482,,2024-10-15 07:01:02.435172,2024-10-15 17:28:37.256831,627.5803609833333,0,0,1,1,0,0,,autumn,0,0,0,0
620041827,7.4,3.6365557,rain,0.1,5.0,15.717823,28.44,77.64913,991.2341,,2024-10-15 07:01:05.908340,2024-10-15 17:28:18.658520,627.2125030000001,0,0,1,1,0,0,,autumn,0,0,1,0
619561827,3.55,0.40715122,none,0.0,6.0,10.285232,18.359999,95.175026,992.09546,,2024-10-15 07:01:40.567927,2024-10-15 17:28:08.274469,626.4617757,0,0,1,1,0,0,,autumn,0,0,0,0
619607427,6.25,3.82944,rain,0.5,4.0,8.836514,15.119999,94.29053,995.43854,,2024-10-15 07:02:04.389262,2024-10-15 17:28:32.534396,626.4690855666666,0,1,0,1,0,0,,autumn,0,0,0,1
619496027,2.9,-0.36833572,none,0.0,6.0,10.644379,18.359999,96.857735,991.90234,,2024-10-15 07:01:17.306033,2024-10-15 17:27:58.661389,626.6892559333334,0,0,1,1,0,0,,autumn,0,0,0,0
619656827,6.45,3.6019993,none,0.0,4.0,10.538843,19.44,87.65539,996.6558,,2024-10-15 07:01:32.129832,2024-10-15 17:27:53.895116,626.3627547333333,0,1,0,1,0,0,,autumn,0,0,0,1
619620027,8.0,4.8454084,none,0.0,4.0,12.362475,27.359999,77.743675,994.1601,,2024-10-15 07:02:30.042461,2024-10-15 17:29:02.021518,626.5329842833332,0,0,1,1,0,0,,autumn,0,0,0,0
619559827,6.45,2.9344406,none,0.0,4.0,14.628807,28.08,85.534615,995.778,,2024-10-15 07:00:14.476305,2024-10-15 17:27:25.054432,627.1763021166666,0,0,1,1,0,0,,autumn,0,0,0,0
619683627,8.05,4.700102,none,0.0,4.0,13.841286,27.0,78.02392,987.0288,,2024-10-15 07:01:29.499379,2024-10-15 17:28:44.444983,627.2490934,0,0,1,1,0,0,,autumn,0,0,0,0
619539027,7.4,3.5869036,none,0.0,6.0,15.659999,30.599998,76.025986,988.72736,,2024-10-15 07:02:53.973223,2024-10-15 17:30:04.027968,627.1675790833334,0,0,1,1,0,0,,autumn,0,0,1,0
619591227,6.1,3.3217778,none,0.0,4.0,9.919618,16.199999,89.16979,1000.09204,,2024-10-15 07:00:41.301814,2024-10-15 17:27:47.019471,627.0952942833334,0,1,0,1,0,0,,autumn,0,0,0,1
619519027,3.95,0.6476393,none,0.0,5.0,11.570515,19.08,93.52283,997.33215,,2024-10-15 07:00:41.482988,2024-10-15 17:27:56.577300,627.2515718666667,0,0,1,1,0,0,,autumn,0,0,0,0
619489427,1.0,-2.7658825,snow,0.3,6.0,12.229406,21.24,99.28303,982.2669,,2024-10-15 07:01:32.839230,2024-10-15 17:28:54.872318,627.3672181333333,0,1,0,1,0,0,,autumn,1,0,0,1
619509227,2.5,-0.8338256,none,0.0,6.0,10.484902,18.72,96.159195,996.51514,,2024-10-15 07:00:50.569985,2024-10-15 17:27:53.196608,627.0437770499999,0,1,0,1,0,0,,autumn,0,0,0,1
619633427,6.2,3.3650322,none,0.0,4.0,10.308831,19.8,88.556786,995.8642,,2024-10-15 07:01:11.493612,2024-10-15 17:28:23.077547,627.1930655833334,0,1,0,1,0,0,,autumn,0,0,0,1
619653827,3.55,0.40715122,none,0.0,6.0,10.285232,18.359999,95.175026,990.5107,,2024-10-15 07:01:38.001015,2024-10-15 17:28:02.735545,626.4122421666667,0,0,1,1,0,0,,autumn,0,0,0,0
619851027,7.0,3.3213997,rain,0.1,5.0,14.935662,28.8,78.96516,994.79156,,2024-10-15 07:01:35.546157,2024-10-15 17:28:04.408634,626.4810412833334,0,0,1,1,0,0,,autumn,0,0,0,0
619495627,2.65,-0.5630808,none,0.0,5.0,9.9587345,18.72,96.85144,993.9183,,2024-10-15 07:00:52.308782,2024-10-15 17:27:37.159001,626.74750365,1,0,1,1,0,0,,autumn,0,0,0,0
619588427,7.25,4.1367207,none,0.0,4.0,12.429127,23.759998,83.26497,1000.7817,,2024-10-15 07:00:36.205682,2024-10-15 17:27:49.454312,627.2208105000001,0,0,1,1,0,0,,autumn,0,0,0,0
619579827,6.55,3.5992322,rain,0.1,4.0,11.103243,18.359999,86.44802,992.5317,,2024-10-15 07:01:21.599763,2024-10-15 17:28:31.867515,627.1711292,0,1,0,1,0,0,,autumn,0,0,0,1
619588627,6.45,3.584591,none,0.0,3.0,10.587917,17.28,87.349594,994.5546,,2024-10-15 07:00:41.438919,2024-10-15 17:28:04.966358,627.3921239833332,0,1,0,1,0,0,,autumn,0,0,0,1
619793227,6.6,2.5708628,rain,0.1,2.0,15.804164,29.88,74.55542,1004.65796,,2024-10-16 07:03:29.462141,2024-10-16 17:25:24.020771,621.9093105,0,0,1,2,0,0,,autumn,0,0,1,0
619695427,6.6,2.2086167,rain,0.1,2.0,18.59845,32.399998,75.89126,1006.27655,,2024-10-16 07:03:11.018235,2024-10-16 17:25:34.015404,622.38328615,0,0,1,2,0,0,,autumn,0,0,1,0
619740227,3.3,-0.95939803,none,0.0,2.0,14.428097,31.68,77.83163,1005.134,,2024-10-16 07:04:48.674217,2024-10-16 17:26:22.658681,621.5664077333333,0,1,0,2,0,0,,autumn,0,0,0,1
619839627,5.45,1.3580313,none,0.0,2.0,16.986889,29.16,84.226906,1004.75116,,2024-10-16 07:04:00.118140,2024-10-16 17:25:35.726887,621.5934791166667,0,1,0,2,0,0,,autumn,0,0,1,1
620039227,5.45,1.3580313,none,0.0,2.0,16.986889,29.16,84.226906,1003.7699,,2024-10-16 07:03:54.096982,2024-10-16 17:25:44.306806,621.8368303999999,0,1,0,2,0,0,,autumn,0,0,1,1
620256227,6.7,2.4985657,rain,0.1,3.0,16.740967,28.8,72.998505,1003.07684,,2024-10-16 07:03:30.007643,2024-10-16 17:25:44.627336,622.24366155,0,0,1,2,0,0,,autumn,0,0,1,0
619870627,5.4,0.9007106,none,0.0,2.0,18.782204,30.960001,79.85321,1005.70276,,2024-10-16 07:04:09.955282,2024-10-16 17:26:08.678490,621.9787201333334,0,1,0,2,0,0,,autumn,0,0,1,1
619961227,6.2,2.3456898,none,0.0,2.0,15.486278,29.519999,80.536835,1002.77185,,2024-10-16 07:02:37.129406,2024-10-16 17:24:58.762704,622.3605549666667,0,0,1,2,0,0,,autumn,0,0,1,0
619652827,5.8,1.9108591,none,0.0,3.0,15.342294,29.16,81.053085,1002.3033,,2024-10-16 07:04:17.494769,2024-10-16 17:26:27.827337,622.1722094666667,0,0,1,2,0,0,,autumn,0,0,1,0
619727627,5.45,0.9884777,none,0.0,2.0,19.078302,31.68,82.16362,1002.0545,,2024-10-16 07:03:35.509349,2024-10-16 17:26:17.844807,622.7055909666667,0,1,0,2,0,0,,autumn,0,0,1,1
619834227,5.75,3.5178957,rain,0.3,4.0,7.102591,11.5199995,95.59004,1000.9609,,2024-10-16 07:02:59.550339,2024-10-16 17:25:38.437172,622.6481138833333,0,1,0,2,0,0,,autumn,0,0,0,1
619608027,5.95,3.5810947,rain,0.5,4.0,8.260411,14.759999,95.2655,998.09357,,2024-10-16 07:04:20.166678,2024-10-16 17:26:38.616074,622.3074899333334,0,1,0,2,0,0,,autumn,0,0,0,1
620869427,6.25,2.273572,none,0.0,2.0,13.6242285,28.8,68.355125,1000.9031,,2024-10-16 07:03:50.025236,2024-10-16 17:26:39.827334,622.8300349666666,0,0,1,2,0,0,,autumn,0,0,0,0
620833627,6.3,2.1621227,rain,0.1,3.0,16.73516,28.8,76.926285,1001.0465,,2024-10-16 07:03:34.150019,2024-10-16 17:25:41.777936,622.1271319499999,0,0,1,2,0,0,,autumn,0,0,1,0
620664827,6.45,2.3779325,rain,0.1,2.0,15.552041,31.68,72.95202,1000.20776,,2024-10-16 07:04:09.751133,2024-10-16 17:26:28.318084,622.3094491833333,0,0,1,2,0,0,,autumn,0,0,1,0
619647827,5.0,2.4236026,none,0.0,4.0,8.534353,13.679999,96.23483,997.88763,,2024-10-16 07:04:08.438838,2024-10-16 17:26:09.057638,622.0103133333333,0,1,0,2,0,0,,autumn,0,0,0,1
619674827,6.75,2.544847,none,0.0,2.0,16.167967,32.399998,70.19808,1001.0143,,2024-10-16 07:04:28.095754,2024-10-16 17:26:12.662731,621.74278295,0,0,1,2,0,0,,autumn,0,0,1,0
619793627,6.1,2.2164793,none,0.0,2.0,15.430736,29.519999,79.95475,1003.597,,2024-10-16 07:03:38.764246,2024-10-16 17:25:36.630698,621.9644408666667,0,0,1,2,0,0,,autumn,0,0,1,0
619731827,5.55,0.9227743,none,0.0,1.0,20.089966,34.92,81.018616,1008.8145,,2024-10-16 07:02:36.536547,2024-10-16 17:25:16.632738,622.66826985,0,1,0,2,0,0,,autumn,0,0,1,1
619616827,4.85,1.7335949,rain,0.1,4.0,12.097553,22.319998,96.567795,990.99445,,2024-10-16 07:05:31.649179,2024-10-16 17:26:51.628164,621.3329830833334,1,0,1,2,0,0,,autumn,0,0,0,0
619728427,5.6,1.6400385,none,0.0,2.0,15.827721,27.0,82.18321,1005.2035,,2024-10-16 07:04:33.183011,2024-10-16 17:26:34.289985,622.0184495666667,0,1,0,2,0,0,,autumn,0,0,1,1
619744027,5.5,0.8280659,none,0.0,1.0,20.334425,34.92,81.01172,1004.9738,,2024-10-16 07:02:46.603740,2024-10-16 17:25:46.317932,622.9952365333334,0,1,0,2,0,0,,autumn,0,0,1,1
619638427,5.5,1.8509884,rain,0.1,3.0,15.405519,28.8,90.69818,1001.154,,2024-10-16 07:03:39.781835,2024-10-16 17:25:35.356692,621.9262476166666,0,0,1,2,0,0,,autumn,0,0,1,0
619655427,6.25,2.5129704,none,0.0,2.0,14.941083,29.519999,81.40176,1003.2884,,2024-10-16 07:02:20.312358,2024-10-16 17:24:45.196519,622.4147360166667,0,0,1,2,0,0,,autumn,0,0,0,0
620041027,5.65,3.30517,rain,0.1,3.0,7.6579366,14.4,95.25431,997.2205,,2024-10-16 07:02:57.558625,2024-10-16 17:25:43.838427,622.7713300333332,0,1,0,2,0,0,,autumn,0,0,0,1
620376227,5.45,0.9884777,none,0.0,2.0,19.078302,31.68,82.16362,1008.1919,,2024-10-16 07:03:53.118267,2024-10-16 17:26:18.519044,622.4233462833333,0,1,0,2,0,0,,autumn,0,0,1,1
619701227,6.7,2.9746013,none,0.0,2.0,12.241323,28.08,67.716675,1005.6242,,2024-10-16 07:03:21.792753,2024-10-16 17:25:17.402200,621.9268241166667,0,0,1,2,0,0,,autumn,0,0,0,0
626842227,6.15,2.06255,rain,0.1,3.0,15.898188,29.16,75.54544,1001.7192,,2024-10-16 07:04:33.170134,2024-10-16 17:26:33.986532,622.0136066333333,0,0,1,2,0,0,,autumn,0,0,1,0
619816627,5.4,2.7639723,none,0.0,3.0,9.582358,15.4800005,96.58272,998.5274,,2024-10-16 07:02:58.340284,2024-10-16 17:26:00.787900,623.0407935999999,0,1,0,2,0,0,,autumn,0,0,0,1
619897227,1.85,-1.2522273,none,0.0,1.0,7.5685663,11.879999,92.74449,1011.7551,,2024-10-17 07:05:44.507411,2024-10-17 17:23:40.038141,617.9255121666666,0,1,0,3,0,0,,autumn,1,0,0,1
620133227,6.6,3.7444248,none,0.0,2.0,7.0911775,17.64,71.689606,1012.6883,,2024-10-17 07:05:24.281761,2024-10-17 17:22:59.400085,617.5853054,0,0,1,3,0,0,,autumn,0,0,0,0
620038627,-0.25,-3.581757,none,0.0,2.0,7.10031,11.159999,93.64633,1008.35596,,2024-10-17 07:05:52.998573,2024-10-17 17:23:23.147661,617.5024847999999,0,0,1,3,0,0,,autumn,1,0,0,0
620047427,2.0,-1.0711479,none,0.0,1.0,7.4672885,10.440001,92.41991,1012.4192,,2024-10-17 07:06:23.883754,2024-10-17 17:24:03.136003,617.6542041499999,0,1,0,3,0,0,,autumn,1,0,0,1
619810627,3.55,0.6044731,none,0.0,1.0,6.7205353,16.919998,83.40064,1008.1132,,2024-10-17 07:05:11.776201,2024-10-17 17:23:48.590167,618.6135661000001,0,0,1,3,0,0,,autumn,0,0,0,0
619804027,5.45,2.5943618,none,0.0,1.0,6.8541956,18.0,76.51293,1008.3406,,2024-10-17 07:06:15.761201,2024-10-17 17:24:35.904084,618.3357147166666,0,0,1,3,0,0,,autumn,0,0,0,0
619836427,7.45,3.8115597,none,0.0,1.0,11.874544,24.119999,65.25694,1006.8406,,2024-10-17 07:05:33.279048,2024-10-17 17:23:39.726421,618.1074562166667,0,0,1,3,0,0,,autumn,0,0,0,0
619898427,1.55,-1.5404885,none,0.0,1.0,7.102591,10.799999,92.39301,1014.49567,,2024-10-17 07:04:53.399404,2024-10-17 17:22:49.381027,617.93302705,0,1,0,3,0,0,,autumn,1,0,0,1
620128827,1.8,-1.204809,none,0.0,1.0,6.6794305,10.799999,91.743805,1011.5012,,2024-10-17 07:04:53.537792,2024-10-17 17:23:14.892068,618.3559045999999,0,1,0,3,0,0,,autumn,1,0,0,1
619957427,7.6,3.9272213,none,0.0,1.0,11.767651,26.28,63.21589,1001.309,,2024-10-17 07:05:22.193278,2024-10-17 17:23:49.532104,618.4556471,0,0,1,3,0,0,,autumn,0,0,0,0
619983827,7.85,4.105158,none,0.0,1.0,11.705537,25.919998,59.949574,1010.36615,,2024-10-17 07:04:28.586286,2024-10-17 17:22:19.033390,617.8407850666666,0,0,1,3,0,0,,autumn,0,0,0,0
619989827,3.65,0.79704905,none,0.0,1.0,6.198903,15.84,83.41298,1012.3445,,2024-10-17 07:05:00.190366,2024-10-17 17:22:49.836148,617.8274297,0,0,1,3,0,0,,autumn,0,0,0,0
619887427,2.05,-0.9108634,none,0.0,1.0,6.2145634,10.08,89.15024,1012.19904,,2024-10-17 07:05:01.617800,2024-10-17 17:22:37.371883,617.5959013833333,0,1,0,3,0,0,,autumn,0,0,0,1
619893227,2.35,-1.0238764,none,0.0,1.0,9.2660675,11.159999,88.534676,1011.2742,,2024-10-17 07:05:29.484906,2024-10-17 17:23:16.725750,617.7873474,0,1,0,3,0,0,,autumn,0,0,0,1
619898027,2.3,-0.50045204,none,0.0,1.0,6.0077944,10.799999,92.77017,1010.5114,,2024-10-17 07:05:57.043796,2024-10-17 17:23:33.451527,617.6067955166667,0,1,0,3,0,0,,autumn,0,0,0,1
622531227,7.6,3.9803772,none,0.0,1.0,11.745604,23.4,64.59249,1011.62354,,2024-10-17 07:05:43.678458,2024-10-17 17:23:32.030426,617.8058661333333,0,0,1,3,0,0,,autumn,0,0,0,0
619880027,5.35,2.691886,none,0.0,1.0,6.156947,16.56,80.130844,1010.5521,,2024-10-17 07:06:22.683287,2024-10-17 17:24:00.686192,617.63338175,0,0,1,3,0,0,,autumn,0,0,0,0
619890227,2.45,-0.89422536,none,0.0,1.0,8.953078,11.5199995,87.27528,1014.40936,,2024-10-17 07:04:46.483047,2024-10-17 17:22:54.405036,618.13203315,0,1,0,3,0,0,,autumn,0,0,0,1
619846027,7.5,3.9781885,none,0.0,1.0,11.190442,25.199999,65.502525,1005.28436,,2024-10-17 07:05:47.763145,2024-10-17 17:24:07.629466,618.33110535,0,0,1,3,0,0,,autumn,0,0,0,0
619899427,0.7,-2.4198716,none,0.0,1.0,6.6624317,11.879999,94.03511,1013.39276,,2024-10-17 07:05:22.593140,2024-10-17 17:22:49.600685,617.45012575,0,1,0,3,0,0,,autumn,1,0,0,1
619783627,1.55,-1.7778459,none,0.0,2.0,8.037761,15.84,88.143166,1012.70447,,2024-10-17 07:05:10.659363,2024-10-17 17:23:04.352365,617.8948833666667,0,0,1,3,0,0,,autumn,1,0,0,0
619862827,6.9,3.9233437,none,0.0,1.0,6.1120534,14.4,62.59682,1013.1271,,2024-10-17 07:05:02.161235,2024-10-17 17:23:12.831623,618.1778398,0,0,1,3,0,0,,autumn,0,0,0,0
619889227,4.15,1.2171707,none,0.0,1.0,7.2649574,12.599999,83.17621,1009.77185,,2024-10-17 07:05:55.525062,2024-10-17 17:23:53.244126,617.9619844,1,0,0,3,0,0,,autumn,0,0,0,0
626273027,-0.75,-4.1839485,none,0.0,2.0,7.653705,12.959999,96.05743,1004.16986,,2024-10-17 07:07:27.890829,2024-10-17 17:24:21.072803,616.8863662333333,0,0,1,3,0,0,,autumn,1,0,0,0
619961627,-0.85,-4.647785,none,0.0,1.0,9.208192,11.159999,89.894844,1012.089,,2024-10-17 07:04:27.477052,2024-10-17 17:22:20.435702,617.8826441666666,0,1,0,3,0,0,,autumn,1,0,0,1
619807227,5.35,2.5830207,none,0.0,2.0,6.3639607,15.84,77.598755,1010.94824,,2024-10-17 07:05:39.532167,2024-10-17 17:23:23.734386,617.73670365,0,0,1,3,0,0,,autumn,0,0,0,0
619992427,7.85,4.3056602,none,0.0,1.0,10.495713,23.039999,60.60188,1011.68896,,2024-10-17 07:04:50.975721,2024-10-17 17:22:45.994097,617.9169729333333,0,0,1,3,0,0,,autumn,0,0,0,0
619797827,1.5,-1.5941412,none,0.0,2.0,6.804381,15.84,90.73381,1004.2074,,2024-10-17 07:07:35.244161,2024-10-17 17:24:30.564564,616.9220067166666,0,0,1,3,0,0,,autumn,1,0,0,0
619893427,2.45,-0.8987522,none,0.0,1.0,8.766573,10.440001,86.02322,1016.41724,,2024-10-17 07:04:39.735750,2024-10-17 17:22:56.537424,618.2800279,1,0,0,3,0,0,,autumn,0,0,0,0
619944227,5.0,2.1501484,none,0.0,1.0,6.1226463,15.4800005,75.61858,1014.4718,,2024-10-18 07:07:30.383653,2024-10-18 17:20:49.229437,613.3140963999999,0,0,1,4,0,0,,autumn,0,0,0,0
619969627,7.0,4.1732807,none,0.0,1.0,7.072878,18.0,70.49933,1009.09424,,2024-10-18 07:07:47.293114,2024-10-18 17:21:37.119127,613.83043355,0,0,1,4,0,0,,autumn,0,0,0,0
619972027,7.2,4.7178173,none,0.0,1.0,4.3536186,15.119999,68.06634,1015.00696,,2024-10-18 07:08:28.267058,2024-10-18 17:21:30.311569,613.0340751833334,0,0,1,4,0,0,,autumn,0,0,0,0
619943027,1.0,-2.2379773,none,0.0,1.0,6.7565966,14.4,87.45207,1018.8297,,2024-10-18 07:06:42.035186,2024-10-18 17:20:28.212444,613.7696209666667,0,0,1,4,0,0,,autumn,1,0,0,0
619965827,7.5,4.950653,none,0.0,1.0,4.755544,14.04,66.44731,1012.8391,,2024-10-18 07:07:51.708755,2024-10-18 17:21:01.149335,613.1573430000001,0,0,1,4,0,0,,autumn,0,0,0,0
620002627,0.75,-2.5482247,none,0.0,1.0,7.02,9.72,88.06981,1012.89484,,2024-10-18 07:08:05.699744,2024-10-18 17:21:08.383914,613.0447361666667,0,1,0,4,0,0,,autumn,1,0,0,1
620004027,5.8,3.0170212,none,0.0,1.0,3.9966488,6.12,63.945415,1012.9791,,2024-10-18 07:08:42.273181,2024-10-18 17:21:40.690471,612.9736214999999,1,0,0,4,0,0,,autumn,0,0,0,0
620006227,-0.3,-4.23864,none,0.0,1.0,10.266314,11.879999,87.00397,1012.0149,,2024-10-18 07:07:57.960852,2024-10-18 17:20:48.420886,612.8410005666667,0,1,0,4,0,0,,autumn,1,0,0,1
620011227,-1.7,-5.081512,none,0.0,1.0,6.037383,9.0,93.22604,1013.1722,,2024-10-18 07:06:46.941313,2024-10-18 17:19:58.297225,613.1892652,0,1,0,4,0,0,,autumn,1,0,0,1
619911627,-1.45,-5.1531386,none,0.0,1.0,8.287822,11.5199995,91.86918,1013.1396,,2024-10-18 07:07:41.679318,2024-10-18 17:21:01.047401,613.3228013833334,0,1,0,4,0,0,,autumn,1,0,0,1
620336427,6.5,3.1139598,none,0.0,1.0,8.338489,18.359999,61.824078,1011.97455,,2024-10-18 07:07:13.213531,2024-10-18 17:20:58.670067,613.7576089333332,0,0,1,4,0,0,,autumn,0,0,0,0
620004227,1.75,-1.5017557,none,0.0,1.0,7.5685663,11.5199995,87.207016,1015.66425,,2024-10-18 07:07:05.518894,2024-10-18 17:20:25.815706,613.3382802,0,1,0,4,0,0,,autumn,1,0,0,1
620071027,-2.05,-5.5184894,none,0.0,1.0,6.3690495,10.440001,93.55403,1012.3641,,2024-10-18 07:06:32.752637,2024-10-18 17:20:32.374891,613.9937042333333,1,0,1,4,0,0,,autumn,0,0,0,0
619949227,6.2,3.4059858,none,0.0,1.0,6.4323244,16.919998,72.64516,1015.89923,,2024-10-18 07:07:41.488537,2024-10-18 17:21:10.268501,613.4796660666667,0,0,1,4,0,0,,autumn,0,0,0,0
619941227,0.8,-2.3445435,none,0.0,1.0,6.015878,12.959999,88.07442,1010.62396,,2024-10-18 07:07:31.773779,2024-10-18 17:21:10.428922,613.6442523833334,0,0,1,4,0,0,,autumn,1,0,0,0
619952827,6.0,3.1458392,none,0.0,1.0,7.5019197,18.72,76.60406,1005.5677,,2024-10-18 07:07:33.275491,2024-10-18 17:21:23.776480,613.84168315,0,0,1,4,0,0,,autumn,0,0,0,0
620136827,6.0,3.1458392,none,0.0,1.0,7.5019197,18.72,76.60406,1013.4373,,2024-10-18 07:07:22.590580,2024-10-18 17:21:39.980166,614.2898264333332,0,0,1,4,0,0,,autumn,0,0,0,0
619926227,-1.95,-5.4143186,none,0.0,1.0,6.384293,10.799999,93.21244,1009.3586,,2024-10-18 07:08:18.278843,2024-10-18 17:22:18.994292,614.01192415,1,0,1,4,0,0,,autumn,1,0,0,0
619993427,7.8,4.582733,none,0.0,1.0,9.335737,19.8,65.10238,1014.7531,,2024-10-18 07:06:54.449905,2024-10-18 17:20:46.754518,613.87174355,0,0,1,4,0,0,,autumn,0,0,0,0
619945427,3.75,0.8674016,none,0.0,1.0,5.04,13.32,75.67683,1007.82416,,2024-10-18 07:09:35.572612,2024-10-18 17:21:59.743546,612.4028489,0,0,1,4,0,0,,autumn,0,0,0,0
620064227,0.3,-2.904891,none,0.0,1.0,6.379216,10.08,90.978455,1008.1677,,2024-10-18 07:08:24.893694,2024-10-18 17:21:46.815289,613.3653599166666,0,1,0,4,0,0,,autumn,1,0,0,1
620001427,3.55,0.7237129,none,0.0,1.0,3.2048087,6.8399997,69.036476,1008.1051,,2024-10-18 07:09:39.130734,2024-10-18 17:21:55.902931,612.2795366166666,0,1,0,4,0,0,,autumn,0,0,0,1
620016227,3.8,0.82725763,none,0.0,1.0,6.4624763,9.0,79.61836,1017.8176,,2024-10-18 07:06:36.783665,2024-10-18 17:20:18.232940,613.69082125,1,0,0,4,0,0,,autumn,0,0,0,0
619927427,-1.2,-4.6167817,none,0.0,1.0,6.6405115,10.440001,92.56698,1008.3317,,2024-10-18 07:07:48.653702,2024-10-18 17:21:39.738575,613.85141455,0,0,1,4,0,0,,autumn,1,0,0,0
619956627,7.15,4.667794,none,0.0,1.0,4.412754,15.84,68.544205,1016.2121,,2024-10-18 07:07:15.289055,2024-10-18 17:20:24.940467,613.1608568666667,0,0,1,4,0,0,,autumn,0,0,0,0
620178627,-0.7,-4.6111665,none,0.0,1.0,10.261579,12.24,90.907166,1015.90967,,2024-10-18 07:06:50.090079,2024-10-18 17:20:25.182187,613.5848684666666,0,1,0,4,0,0,,autumn,1,0,0,1
619941827,0.9,-2.37776,none,0.0,1.0,7.029225,14.759999,88.0836,1012.0132,,2024-10-18 07:07:22.249028,2024-10-18 17:21:00.808050,613.6426503666667,0,0,1,4,0,0,,autumn,1,0,0,0
619999227,6.3,2.9852257,none,0.0,1.0,8.163749,18.72,64.06156,1011.21967,,2024-10-18 07:07:22.286033,2024-10-18 17:21:35.970438,614.2280734166667,0,0,1,4,0,0,,autumn,0,0,0,0
620106827,5.85,2.9248028,none,0.0,1.0,7.928178,12.959999,77.12708,1012.0696,,2024-10-19 07:09:06.056114,2024-10-19 17:17:42.174545,608.60197385,0,1,0,5,1,0,,autumn,0,0,0,1
620097427,7.35,4.1301556,none,0.0,1.0,8.43699,19.8,63.385086,1009.64343,,2024-10-19 07:10:45.920344,2024-10-19 17:20:22.219545,609.6049866833333,0,0,1,5,1,0,,autumn,0,0,0,0
620087027,7.2,4.135043,none,0.0,1.0,7.4867883,18.0,64.50106,1013.60974,,2024-10-19 07:09:18.330730,2024-10-19 17:18:02.370787,608.73400095,0,0,1,5,1,0,,autumn,0,0,0,0
620114027,2.6,-0.23641205,none,0.0,1.0,6.66,10.799999,93.11992,1008.1861,,2024-10-19 07:09:29.527800,2024-10-19 17:18:41.559726,609.2005321,0,1,0,5,1,0,,autumn,0,0,0,1
610904627,16.75,16.29224,none,0.0,0.0,8.854829,15.84,76.76695,988.0936,,2024-07-25 04:26:01.113888,2024-07-25 20:47:34.620014,981.5584354333333,0,1,0,3,0,0,,summer,0,0,0,1
620400227,5.4,2.5177917,none,0.0,1.0,7.9383874,12.959999,80.9979,1012.6574,,2024-10-19 07:09:32.711483,2024-10-19 17:17:55.973169,608.3876947666666,0,1,0,5,1,0,,autumn,0,0,0,1
620028227,-1.05,-4.4260387,none,0.0,1.0,6.361415,9.72,91.55622,1009.2046,,2024-10-19 07:09:28.234231,2024-10-19 17:19:14.271722,609.7672915166667,0,1,0,5,1,0,,autumn,1,0,0,1
620093427,7.95,4.3029127,none,0.0,1.0,11.090103,20.519999,59.75842,1015.82294,,2024-10-19 07:08:59.021104,2024-10-19 17:18:03.144693,609.0687264833334,0,0,1,5,1,0,,autumn,0,0,0,0
620053427,-1.55,-4.4782076,none,0.0,1.0,3.7064266,11.159999,98.178566,1013.5645,,2024-10-19 07:09:38.237346,2024-10-19 17:18:26.663780,608.8071072333333,0,0,1,5,1,0,,autumn,1,0,0,0
620107227,5.1,2.2712107,none,0.0,1.0,6.6697226,10.08,78.396126,1010.0396,,2024-10-19 07:10:20.393529,2024-10-19 17:18:44.153230,608.3959950166667,0,1,0,5,1,0,,autumn,0,0,0,1
620971827,4.6,2.1461482,none,0.0,1.0,3.8647635,12.599999,80.02255,1014.63995,,2024-10-19 07:10:19.045867,2024-10-19 17:18:52.521436,608.5579261500001,0,0,1,5,1,0,,autumn,0,0,0,0
620098027,6.85,4.0518494,none,0.0,1.0,5.5450516,14.4,65.59234,1008.2572,,2024-10-19 07:10:17.781500,2024-10-19 17:19:50.446825,609.5444220833334,0,0,1,5,1,0,,autumn,0,0,0,0
620144827,2.5,0.16453505,none,0.0,1.0,2.36753,10.440001,88.86738,1009.0737,,2024-10-19 07:10:46.836141,2024-10-19 17:18:54.661771,608.1304271666667,0,0,1,5,1,0,,autumn,0,0,0,0
620490627,6.65,3.374977,none,0.0,1.0,8.759178,20.519999,66.26009,1009.2677,,2024-10-19 07:09:12.205864,2024-10-19 17:18:55.471330,609.7210911,0,0,1,5,1,0,,autumn,0,0,0,0
620249627,5.45,2.6028223,none,0.0,1.0,7.6367526,11.879999,80.43085,1010.80634,,2024-10-19 07:09:41.290866,2024-10-19 17:18:16.603445,608.5885429833332,0,1,0,5,1,0,,autumn,0,0,0,1
620106627,5.85,3.0084877,none,0.0,1.0,7.415038,12.959999,77.40229,1010.09607,,2024-10-19 07:09:54.190809,2024-10-19 17:18:11.567687,608.2896146333334,0,1,0,5,1,0,,autumn,0,0,0,1
620108827,6.0,3.0286093,none,0.0,1.0,7.415038,12.24,72.60751,1007.4029,,2024-10-19 07:09:45.183200,2024-10-19 17:18:58.464563,609.22135605,0,1,0,5,1,0,,autumn,0,0,0,1
620112427,7.7,5.274807,none,0.0,1.0,4.32,13.32,67.206924,1009.5735,,2024-10-19 07:10:01.855711,2024-10-19 17:18:21.996198,608.3356747833333,0,0,1,5,1,0,,autumn,0,0,0,0
620315827,7.05,3.901453,none,0.0,0.0,8.0599,19.08,65.16671,1012.61523,,2024-10-19 07:08:59.371859,2024-10-19 17:17:37.876845,608.6417497666666,0,0,1,5,1,0,,autumn,0,0,0,0
620113027,2.2,-0.9253216,none,0.0,0.0,8.350138,14.4,94.10579,1010.6751,,2024-10-19 07:09:01.929851,2024-10-19 17:17:29.173294,608.4540573833333,0,1,0,5,1,0,,autumn,0,0,0,1
620111027,5.6,2.6690817,none,0.0,1.0,8.149847,13.679999,79.316055,1011.33636,,2024-10-19 07:08:50.046883,2024-10-19 17:17:47.584288,608.9589567500001,0,1,0,5,1,0,,autumn,0,0,0,1
620112627,3.7,0.8040581,none,0.0,1.0,7.968939,13.32,90.89101,1008.67365,,2024-10-19 07:10:29.064475,2024-10-19 17:18:49.344801,608.3380054333334,0,1,0,5,1,0,,autumn,0,0,0,1
620099827,7.1,3.9911518,none,0.0,0.0,7.731623,19.08,64.7107,1012.37274,,2024-10-19 07:08:38.526855,2024-10-19 17:17:24.522330,608.76659125,0,0,1,5,1,0,,autumn,0,0,0,0
620112027,5.7,2.5286717,none,0.0,0.0,9.555271,15.4800005,77.65452,1007.89417,,2024-10-19 07:09:13.575525,2024-10-19 17:18:43.709954,609.5022404833333,0,1,0,5,1,0,,autumn,0,0,0,1
620501027,6.85,3.9161167,none,0.0,0.0,6.8138976,14.759999,67.023056,1009.63025,,2024-10-19 07:08:55.678474,2024-10-19 17:18:32.219489,609.6090169166667,0,0,1,5,1,0,,autumn,0,0,0,0
620252427,5.9,2.9049673,none,0.0,1.0,7.519175,11.5199995,72.84938,1015.31415,,2024-10-19 07:09:16.805127,2024-10-19 17:18:19.876146,609.0511836500001,0,1,0,5,1,0,,autumn,0,0,0,1
621702427,5.9,2.568728,none,0.0,1.0,8.596766,19.44,67.30119,1010.6804,,2024-10-19 07:09:14.884536,2024-10-19 17:18:32.730391,609.2974309166667,0,0,1,5,1,0,,autumn,0,0,0,0
620116027,2.35,-0.29040456,none,0.0,0.0,5.257109,9.0,94.4504,1013.16925,,2024-10-20 07:10:10.737675,2024-10-20 17:14:46.582923,604.5974208,0,1,0,6,1,0,,autumn,0,0,0,1
620172027,9.95,6.369113,none,0.0,0.0,13.54911,28.08,62.204487,1009.48,,2024-10-20 07:10:57.433130,2024-10-20 17:15:12.097116,604.2443997666667,0,0,1,6,1,0,,autumn,0,0,0,0
620171627,6.0,2.9908414,none,0.0,0.0,8.6867485,15.4800005,77.15138,1008.07324,,2024-10-20 07:12:29.950093,2024-10-20 17:16:52.505556,604.3759243833333,0,1,0,6,1,0,,autumn,0,0,0,1
620181827,5.6,2.6467328,none,0.0,0.0,8.0599,12.599999,78.19423,1009.17633,,2024-10-20 07:12:30.027707,2024-10-20 17:16:30.819095,604.0131898,0,1,0,6,1,0,,autumn,0,0,0,1
620136627,4.85,0.55751705,none,0.0,1.0,16.299694,24.119999,77.79739,1011.12244,,2024-10-20 07:11:13.845757,2024-10-20 17:16:00.156101,604.7718390666666,0,0,1,6,1,0,,autumn,0,0,1,0
620212027,9.8,5.948349,none,0.0,1.0,14.7742605,27.0,60.644794,1012.1969,,2024-10-20 07:11:37.859109,2024-10-20 17:16:07.373117,604.4919001333333,0,0,1,6,1,0,,autumn,0,0,0,0
620163027,10.05,6.31166,none,0.0,0.0,14.628807,28.08,61.78972,1009.7063,,2024-10-20 07:11:04.160469,2024-10-20 17:15:59.344737,604.9197378,0,0,1,6,1,0,,autumn,0,0,0,0
620171427,9.5,6.417081,none,0.0,0.0,10.070353,18.359999,63.883457,1009.7905,,2024-10-20 07:11:35.372070,2024-10-20 17:16:13.061297,604.6281537833333,1,0,0,6,1,0,,autumn,0,0,0,0
620174427,6.05,2.85463,none,0.0,0.0,10.086427,16.919998,77.43435,1010.588,,2024-10-20 07:11:14.926570,2024-10-20 17:15:23.569339,604.14404615,0,1,0,6,1,0,,autumn,0,0,0,1
620150027,9.55,5.8603315,none,0.0,0.0,14.039999,28.08,62.99669,1009.64886,,2024-10-20 07:10:53.003149,2024-10-20 17:15:19.511501,604.4418058666666,0,0,1,6,1,0,,autumn,0,0,0,0
620526227,5.1,1.8184433,none,0.0,0.0,10.070353,16.919998,79.80948,1008.84265,,2024-10-20 07:11:40.424810,2024-10-20 17:15:28.838439,603.8068938166667,0,1,0,6,1,0,,autumn,0,0,0,1
620991427,2.1,-0.953269,none,0.0,0.0,7.7983837,10.440001,94.43938,1010.2217,,2024-10-20 07:10:49.110409,2024-10-20 17:14:55.804325,604.1115652666666,0,1,0,6,1,0,,autumn,0,0,0,1
620170827,9.7,6.7283373,none,0.0,0.0,9.179999,16.56,62.587093,1009.1966,,2024-10-20 07:11:37.237133,2024-10-20 17:15:59.838360,604.3766871166666,0,0,1,6,1,0,,autumn,0,0,0,0
620279027,11.75,9.891382,none,0.0,0.0,3.8268526,12.24,61.544407,1007.6882,,2024-10-21 07:13:28.674895,2024-10-21 17:13:52.891066,600.40360285,0,0,1,0,0,0,,autumn,0,0,0,0
620273427,11.6,9.395861,none,0.0,0.0,6.5520988,16.56,63.250767,1010.07465,,2024-10-21 07:13:47.354076,2024-10-21 17:13:22.800986,599.5907818333333,0,0,1,0,0,0,,autumn,0,0,0,0
620190027,6.15,3.1944866,none,0.0,0.0,7.8954163,13.679999,74.47564,1009.16595,,2024-10-21 07:13:35.804414,2024-10-21 17:13:28.293007,599.8748098833333,0,1,0,0,0,0,,autumn,0,0,0,1
620237427,2.8,-0.5215237,none,0.0,0.0,8.797931,15.119999,85.13389,1008.14716,,2024-10-21 07:13:18.894623,2024-10-21 17:13:51.211483,600.5386143333333,0,1,0,0,0,0,,autumn,0,0,0,1
620240027,9.45,7.417515,none,0.0,0.0,3.189608,15.119999,65.24124,1011.5192,,2024-10-21 07:13:38.697670,2024-10-21 17:12:59.382551,599.3447480166667,0,0,1,0,0,0,,autumn,0,0,0,0
620245227,6.0,3.2217255,none,0.0,0.0,6.090812,15.84,72.60751,1006.8437,,2024-10-21 07:14:59.498857,2024-10-21 17:14:06.453066,599.1159034833333,0,0,1,0,0,0,,autumn,0,0,0,0
620301627,6.3,2.8854394,none,0.0,0.0,11.103243,18.359999,73.97288,1006.9719,,2024-10-21 07:14:04.473738,2024-10-21 17:13:31.000454,599.4421119333333,0,1,0,0,0,0,,autumn,0,0,0,1
620476227,6.85,3.153307,none,0.0,0.0,12.10157,18.72,67.264175,1007.1087,,2024-10-21 07:13:53.838297,2024-10-21 17:13:43.047247,599.8201491666666,0,1,0,0,0,0,,autumn,0,0,0,1
620247827,10.55,8.51566,none,0.0,0.0,3.9966488,12.959999,63.22935,1012.77423,,2024-10-21 07:13:23.305826,2024-10-21 17:13:08.575254,599.7544904666667,0,0,1,0,0,0,,autumn,0,0,0,0
620281627,11.75,9.615243,none,0.0,0.0,5.369916,13.32,60.47796,1008.0717,,2024-10-21 07:13:51.203857,2024-10-21 17:13:34.122673,599.7153136,0,0,1,0,0,0,,autumn,0,0,0,0
620248427,10.4,8.446573,none,0.0,0.0,3.1072817,13.32,62.751316,1006.29675,,2024-10-21 07:13:05.693971,2024-10-21 17:13:52.735510,600.78402565,0,0,1,0,0,0,,autumn,0,0,0,0
620288027,8.0,5.0346146,none,0.0,0.0,9.847496,16.56,72.98071,1006.61005,,2024-10-21 07:14:29.666552,2024-10-21 17:14:35.917934,600.1041897,0,1,0,0,0,0,,autumn,0,0,0,1
620215027,2.75,-0.5936208,none,0.0,0.0,9.059205,14.759999,86.05493,1010.5538,,2024-10-21 07:13:15.340915,2024-10-21 17:13:09.247241,599.8984387666666,0,0,1,0,0,0,,autumn,0,0,0,0
620187227,6.4,2.7911663,none,0.0,0.0,11.844492,22.68,70.88567,1005.3358,,2024-10-21 07:13:22.995225,2024-10-21 17:14:17.839998,600.91407955,0,1,0,0,0,0,,autumn,0,0,0,1
620420627,8.55,5.782443,none,0.0,0.0,8.557102,10.799999,70.55676,1012.09296,,2024-10-21 07:13:02.720243,2024-10-21 17:13:14.204499,600.1914042666667,0,0,1,0,0,0,,autumn,0,0,0,0
620245627,7.8,5.0094595,none,0.0,0.0,6.945761,16.56,67.22846,1009.7014,,2024-10-21 07:14:05.108343,2024-10-21 17:13:49.314882,599.73677565,0,0,1,0,0,0,,autumn,0,0,0,0
620279427,11.6,9.8580065,none,0.0,0.0,3.9640884,12.959999,65.03632,1008.1367,,2024-10-21 07:13:00.969661,2024-10-21 17:13:44.128776,600.7193185833333,0,0,1,0,0,0,,autumn,0,0,0,0
620187827,6.5,3.4158702,none,0.0,0.0,8.777654,15.119999,72.70148,1014.39044,,2024-10-21 07:13:52.669700,2024-10-21 17:13:52.444913,599.99625355,0,1,0,0,0,0,,autumn,0,0,0,1
620352027,6.45,2.3975391,none,0.0,0.0,14.145756,23.759998,67.42001,1007.1052,,2024-10-21 07:13:35.856672,2024-10-21 17:12:58.065843,599.3701528500001,0,1,0,0,0,0,,autumn,0,0,0,1
620299827,6.6,2.9829726,none,0.0,0.0,12.134992,19.44,70.92514,1007.0668,,2024-10-21 07:13:06.341268,2024-10-21 17:13:45.756840,600.6569261999999,0,1,0,0,0,0,,autumn,0,0,0,1
620657027,9.05,6.473839,none,0.0,0.0,7.24486,11.5199995,68.21386,1006.0123,,2024-10-21 07:13:20.624591,2024-10-21 17:14:17.729831,600.9517539999999,0,0,1,0,0,0,,autumn,0,0,0,0
620205627,2.0,-1.2059317,none,0.0,0.0,6.7397914,11.159999,82.60353,1013.4966,,2024-10-21 07:15:44.398742,2024-10-21 17:15:50.681513,600.1047128499999,0,0,1,0,0,0,,autumn,0,0,0,0
620288827,2.6,-0.66240454,none,0.0,0.0,7.538541,12.24,81.48902,1007.77686,,2024-10-21 07:14:22.577273,2024-10-21 17:13:38.799022,599.2703624833333,0,0,1,0,0,0,,autumn,0,0,0,0
620423427,7.65,5.0613556,none,0.0,0.0,6.050785,16.199999,69.880104,1008.5656,,2024-10-21 07:14:49.999051,2024-10-21 17:14:21.837394,599.5306390500001,0,0,1,0,0,0,,autumn,0,0,0,0
621272627,7.65,4.736784,none,0.0,0.0,8.905908,14.04,72.40198,1011.42786,,2024-10-21 07:12:54.716424,2024-10-21 17:13:11.614856,600.2816405333334,0,1,0,0,0,0,,autumn,0,0,0,1
623298027,6.5,3.0506606,none,0.0,0.0,11.103243,19.08,71.926865,1006.0063,,2024-10-21 07:14:29.836191,2024-10-21 17:15:00.102442,600.5044375166667,0,1,0,0,0,0,,autumn,0,0,0,1
623467627,9.4,7.2380705,none,0.0,0.0,3.9477081,16.199999,65.000015,1009.0818,,2024-10-21 07:12:58.830828,2024-10-21 17:12:45.116213,599.7714230833334,0,0,1,0,0,0,,autumn,0,0,0,0
620940627,6.3,3.271862,none,0.0,0.0,9.565437,15.4800005,78.85964,1008.6165,,2024-10-21 07:14:02.357951,2024-10-21 17:13:53.365208,599.8501209499999,0,1,0,0,0,0,,autumn,0,0,0,1
620322427,9.35,6.7387314,none,0.0,0.0,8.155807,12.959999,69.242584,1010.5541,,2024-10-21 07:14:38.695453,2024-10-21 17:14:14.453137,599.5959614,0,0,1,0,0,0,,autumn,0,0,0,0
620834227,11.55,8.940553,none,0.0,0.0,7.8728137,15.84,58.96272,1008.9399,,2024-10-21 07:12:46.755395,2024-10-21 17:13:24.437281,600.6280314333333,0,0,1,0,0,0,,autumn,0,0,0,0
620536827,11.6,9.395861,none,0.0,0.0,6.5520988,16.56,63.250767,1010.79944,,2024-10-21 07:13:43.818224,2024-10-21 17:13:09.599706,599.4296913666666,0,0,1,0,0,0,,autumn,0,0,0,0
620271427,11.7,9.794726,none,0.0,0.0,4.2175345,12.599999,61.96382,1003.72125,,2024-10-21 07:13:51.666477,2024-10-21 17:14:03.693728,600.2004541833334,0,0,1,0,0,0,,autumn,0,0,0,0
620249027,10.55,8.295834,none,0.0,0.0,4.323748,12.959999,59.340374,1005.94696,,2024-10-21 07:13:43.030721,2024-10-21 17:13:57.787090,600.2459394833334,0,0,1,0,0,0,,autumn,0,0,0,0
620289627,6.65,3.6500955,none,0.0,0.0,9.627896,14.4,78.0805,1007.95294,,2024-10-21 07:13:38.270863,2024-10-21 17:13:25.408912,599.78563415,0,1,0,0,0,0,,autumn,0,0,0,1
620491027,6.0,2.6689758,none,0.0,0.0,10.711135,16.919998,76.33169,1006.3853,,2024-10-21 07:13:00.449128,2024-10-21 17:13:49.890275,600.8240191166666,0,1,0,0,0,0,,autumn,0,0,0,1
620426827,8.0,4.6111937,none,0.0,0.0,14.248452,23.039999,78.838715,1001.98425,,2024-10-22 07:15:54.779761,2024-10-22 17:11:20.591893,595.4302021999999,0,1,0,1,0,0,,autumn,0,0,0,1
620435627,6.45,3.3830137,none,0.0,0.0,12.466867,23.039999,89.51006,1002.0467,,2024-10-22 07:16:18.000306,2024-10-22 17:11:45.668089,595.4611297166666,0,1,0,1,0,0,,autumn,0,0,0,1
620417427,8.15,4.526843,none,0.0,0.0,15.506141,25.56,76.68663,999.6705,,2024-10-22 07:15:59.101081,2024-10-22 17:11:44.375334,595.7545708833334,0,1,0,1,0,0,,autumn,0,0,1,1
620475627,6.5,3.5965223,none,0.0,0.0,11.345713,21.599998,89.20266,1000.4655,,2024-10-22 07:14:49.509471,2024-10-22 17:10:30.173444,595.6777328833334,0,1,0,1,0,0,,autumn,0,0,0,1
620406227,10.3,6.8728867,none,0.0,0.0,14.4415655,30.599998,67.28897,999.30695,,2024-10-22 07:15:32.859798,2024-10-22 17:12:04.981859,596.5353676833333,0,0,1,1,0,0,,autumn,0,0,0,0
620545627,7.85,3.428647,none,0.0,0.0,16.56489,29.519999,60.820705,1001.9885,,2024-10-22 07:15:42.425189,2024-10-22 17:11:30.149249,595.795401,0,0,1,1,0,0,,autumn,0,0,1,0
620398227,10.6,6.5551825,none,0.0,0.0,18.888851,33.48,66.651474,1005.00244,,2024-10-22 07:16:00.678168,2024-10-22 17:11:32.935379,595.5376201833333,0,0,1,1,0,0,,autumn,0,0,1,0
620527227,10.75,6.63626,none,0.0,0.0,18.94024,32.760002,64.619965,1003.9485,,2024-10-22 07:15:39.431306,2024-10-22 17:11:15.461158,595.6004975333333,0,0,1,1,0,0,,autumn,0,0,1,0
620411827,9.25,4.688957,none,0.0,0.0,18.727785,32.760002,59.652664,1002.8141,,2024-10-22 07:15:41.791346,2024-10-22 17:11:05.814086,595.400379,0,0,1,1,0,0,,autumn,0,0,1,0
620442427,6.4,3.3492632,none,0.0,0.0,11.928989,23.039999,87.95758,998.4408,,2024-10-22 07:15:26.368287,2024-10-22 17:11:59.584313,596.5536004333334,0,1,0,1,0,0,,autumn,0,0,0,1
620418027,8.05,4.5472946,none,0.0,0.0,14.404499,24.84,76.13467,991.9118,,2024-10-22 07:15:45.623279,2024-10-22 17:11:49.943889,596.0720101666667,0,1,0,1,0,0,,autumn,0,0,0,1
620398827,9.25,4.688957,none,0.0,0.0,18.727785,32.760002,59.652664,1001.00305,,2024-10-22 07:16:03.227915,2024-10-22 17:11:20.340001,595.2852014333333,0,0,1,1,0,0,,autumn,0,0,1,0
620421627,7.5,4.130619,none,0.0,0.0,14.044615,23.4,81.28509,1003.7005,,2024-10-22 07:15:35.411435,2024-10-22 17:11:14.862528,595.6575182166667,0,1,0,1,0,0,,autumn,0,0,0,1
620471227,7.45,4.1209745,none,0.0,0.0,14.050382,24.48,82.7104,1001.8723,,2024-10-22 07:15:11.907397,2024-10-22 17:10:39.219000,595.4551933833334,0,1,0,1,0,0,,autumn,0,0,0,1
620643027,7.85,3.428647,none,0.0,0.0,16.56489,29.519999,60.820705,1002.5956,,2024-10-22 07:15:16.508707,2024-10-22 17:11:21.883391,596.0895780666667,0,0,1,1,0,0,,autumn,0,0,1,0
621593427,7.0,3.6719608,none,0.0,0.0,13.690654,24.84,83.81867,998.46423,,2024-10-22 07:15:24.412139,2024-10-22 17:11:34.554871,596.1690455333334,0,1,0,1,0,0,,autumn,0,0,0,1
621012027,6.6,3.5602074,none,0.0,0.0,12.496719,22.319998,89.52202,996.05115,,2024-10-22 07:16:05.920404,2024-10-22 17:12:08.371215,596.0408468500001,0,1,0,1,0,0,,autumn,0,0,0,1
620343427,5.2,0.3201027,none,0.0,0.0,17.772663,29.16,63.80538,1001.84393,,2024-10-22 07:14:53.445755,2024-10-22 17:11:09.790933,596.2724196333334,0,1,0,1,0,0,,autumn,0,0,1,1
620358427,9.85,5.789199,none,0.0,0.0,16.395817,30.239998,61.088936,1001.9583,,2024-10-22 07:14:48.856607,2024-10-22 17:11:01.313175,596.2076094666667,0,0,1,1,0,0,,autumn,0,0,1,0
620835427,10.65,6.6606464,none,0.0,0.0,18.508516,32.760002,66.429985,1001.9953,,2024-10-22 07:15:09.390494,2024-10-22 17:11:20.588790,596.1866382666667,0,0,1,1,0,0,,autumn,0,0,1,0
620320027,4.9,-0.13805199,none,0.0,0.0,17.811815,28.44,60.09045,1001.20874,,2024-10-22 07:16:05.622751,2024-10-22 17:11:16.250017,595.1771211,0,0,1,1,0,0,,autumn,0,0,1,0
620493427,8.95,5.7074766,none,0.0,0.0,13.31635,24.48,74.18549,999.776,,2024-10-22 07:16:42.757507,2024-10-22 17:11:44.549325,595.0298636333333,1,0,0,1,0,0,,autumn,0,0,0,0
620639027,9.2,4.9077635,none,0.0,0.0,16.943918,31.319998,60.067963,1002.78766,,2024-10-22 07:15:15.904107,2024-10-22 17:11:21.239869,596.0889293666667,0,0,1,1,0,0,,autumn,0,0,1,0
620500627,9.35,5.914109,none,0.0,0.0,19.72212,30.960001,90.350716,993.9394,,2024-10-23 07:18:00.407728,2024-10-23 17:09:03.518517,591.0518464833333,0,0,1,2,0,0,,autumn,0,0,1,0
620600227,11.2,6.884428,none,0.0,0.0,25.242392,41.760002,78.23837,991.0313,,2024-10-23 07:17:51.565618,2024-10-23 17:09:14.910697,591.38908465,0,0,1,2,0,0,,autumn,0,0,1,0
620571027,11.05,7.4302015,none,0.0,0.0,23.498102,37.8,88.66725,994.29785,,2024-10-23 07:18:12.259892,2024-10-23 17:09:10.145886,590.9647665666666,0,0,1,2,0,0,,autumn,0,0,1,0
620603227,8.95,3.4029107,none,0.0,0.0,28.016466,50.039997,70.141014,995.8645,,2024-10-23 07:17:51.854324,2024-10-23 17:08:38.711305,590.7809496833332,0,1,0,2,0,0,,autumn,0,0,1,1
620551427,10.1,6.900235,rain,0.1,0.0,19.424158,37.44,90.405136,987.6327,,2024-10-23 07:18:29.505515,2024-10-23 17:11:59.617181,593.5018610999999,0,0,1,2,0,0,,autumn,0,0,1,0
620488827,9.25,5.7527447,none,0.0,0.0,19.885723,32.760002,90.036255,990.18396,,2024-10-23 07:18:00.307216,2024-10-23 17:09:29.483181,591.4862660833334,0,0,1,2,0,0,,autumn,0,0,1,0
620606427,8.65,2.812471,none,0.0,0.0,29.08713,47.519997,68.12997,1000.15076,,2024-10-23 07:17:35.673218,2024-10-23 17:08:48.501676,591.2138076333334,0,1,0,2,0,0,,autumn,0,0,1,1
620565227,10.45,6.895731,rain,0.1,0.0,22.862125,36.36,91.657745,995.7357,,2024-10-23 07:18:02.753547,2024-10-23 17:09:06.833167,591.0679936666667,0,0,1,2,0,0,,autumn,0,0,1,0
620615827,8.0,2.2680264,none,0.0,0.0,26.875513,45.36,65.380486,996.7228,,2024-10-23 07:17:53.311002,2024-10-23 17:08:56.314708,591.0500617666668,0,1,0,2,0,0,,autumn,0,0,1,1
620793627,9.9,6.6218576,rain,0.5,0.0,19.60348,38.519997,90.39067,992.5518,,2024-10-23 07:18:20.107781,2024-10-23 17:09:36.590327,591.2747091,0,0,1,2,0,0,,autumn,0,0,1,0
620660227,9.35,4.54101,none,0.0,0.0,25.068514,41.039997,75.82172,994.23425,,2024-10-23 07:17:54.230635,2024-10-23 17:08:43.221267,590.8165105333334,0,1,0,2,0,0,,autumn,0,0,1,1
620775627,10.3,5.6809835,none,0.0,0.0,25.682032,44.639996,77.56584,994.5918,,2024-10-23 07:16:56.828119,2024-10-23 17:08:14.873194,591.3007512500001,1,0,0,2,0,0,,autumn,0,0,1,0
621338027,9.35,4.54101,none,0.0,0.0,25.068514,41.039997,75.82172,996.15265,,2024-10-23 07:17:57.728798,2024-10-23 17:09:01.696525,591.0661287833334,0,1,0,2,0,0,,autumn,0,0,1,1
621048427,11.3,6.970052,none,0.0,0.0,25.17234,40.32,77.193214,993.92993,,2024-10-23 07:18:04.647252,2024-10-23 17:09:01.791272,590.9524003333333,0,0,1,2,0,0,,autumn,0,0,1,0
620739627,10.9,7.468998,none,0.0,0.0,22.485594,40.32,90.46269,994.68787,,2024-10-23 07:16:41.591826,2024-10-23 17:08:00.810883,591.3203176166667,0,0,1,2,0,0,,autumn,0,0,1,0
620608027,8.15,2.4721427,none,0.0,0.0,26.684355,48.96,65.414085,996.7783,,2024-10-23 07:17:16.065888,2024-10-23 17:08:04.761154,590.8115877666667,0,1,0,2,0,0,,autumn,0,0,1,1
620926827,10.35,7.0647373,rain,0.2,0.0,19.386591,37.8,86.82515,995.9477,,2024-10-23 07:16:45.695632,2024-10-23 17:08:10.048370,591.4058789666667,0,0,1,2,0,0,,autumn,0,0,1,0
620535827,10.1,6.765806,rain,1.1,0.0,20.436144,33.12,90.71138,996.0744,,2024-10-23 07:17:29.439485,2024-10-23 17:08:49.665058,591.3370928833334,0,0,1,2,0,0,,autumn,0,0,1,0
620667627,9.9,6.493025,rain,0.4,0.0,19.523985,37.079998,87.07714,993.008,,2024-10-23 07:17:25.505637,2024-10-23 17:08:57.368452,591.5310469166667,0,0,1,2,0,0,,autumn,0,0,1,0
620712227,7.95,2.354433,none,0.0,0.0,25.644157,47.519997,64.44134,993.83563,,2024-10-23 07:18:04.609502,2024-10-23 17:09:39.809308,591.5866634333332,0,1,0,2,0,0,,autumn,0,0,1,1
620489827,8.2,5.6059456,rain,0.7,0.0,12.768586,23.039999,93.09455,995.1592,,2024-10-23 07:17:10.392108,2024-10-23 17:08:13.541004,591.0524816,1,0,1,2,0,0,,autumn,0,0,0,0
620493227,8.45,5.3395414,rain,0.1,0.0,16.641972,28.8,92.790344,989.7266,,2024-10-23 07:17:49.307886,2024-10-23 17:09:51.662753,592.0392477833334,0,0,1,2,0,0,,autumn,0,0,1,0
620598827,9.6,7.008587,rain,0.7,0.0,14.277983,33.48,90.0625,992.00104,,2024-10-23 07:18:34.043115,2024-10-23 17:10:13.449392,591.6567712833333,0,0,1,2,0,0,,autumn,0,0,0,0
620495027,10.4,6.4781284,none,0.0,0.0,23.05476,39.239998,84.215904,992.5447,,2024-10-23 07:17:59.183256,2024-10-23 17:08:55.846738,590.9443913666668,0,0,1,2,0,0,,autumn,0,0,1,0
620535627,9.8,6.9455595,rain,0.4,0.0,17.146357,35.64,92.5511,991.2412,,2024-10-23 07:18:17.298294,2024-10-23 17:08:46.807821,590.4918254500001,0,0,1,2,0,0,,autumn,0,0,1,0
620601227,8.95,3.4029107,none,0.0,0.0,28.016466,50.039997,70.141014,995.6241,,2024-10-23 07:17:54.360804,2024-10-23 17:08:30.172440,590.5968606,0,1,0,2,0,0,,autumn,0,0,1,1
620601427,9.45,4.602441,none,0.0,0.0,24.678385,44.28,72.992065,998.4748,,2024-10-23 07:19:16.192502,2024-10-23 17:10:15.756858,590.9927392666667,0,1,0,2,0,0,,autumn,0,0,1,1
620605827,9.15,3.5138783,none,0.0,0.0,29.10272,49.68,70.923225,1000.26624,,2024-10-23 07:16:57.482162,2024-10-23 17:08:32.085668,591.5767251,0,1,0,2,0,0,,autumn,0,0,1,1
620488027,8.2,5.6059456,rain,0.7,0.0,12.768586,23.039999,93.09455,997.3291,,2024-10-23 07:17:32.660218,2024-10-23 17:08:25.731116,590.8845149666666,0,1,0,2,0,0,,autumn,0,0,0,1
620669627,11.3,6.970052,none,0.0,0.0,25.17234,40.32,77.193214,996.0735,,2024-10-23 07:17:53.519272,2024-10-23 17:08:59.318121,591.0966474833333,0,0,1,2,0,0,,autumn,0,0,1,0
620638827,9.9,6.6414413,rain,0.9,0.0,19.917469,33.839996,91.933266,995.4852,,2024-10-23 07:17:43.932930,2024-10-23 17:08:55.580908,591.1941329666666,0,0,1,2,0,0,,autumn,0,0,1,0
620484027,8.65,5.399638,rain,0.1,0.0,17.769016,27.72,92.17026,998.47626,,2024-10-23 07:17:10.766567,2024-10-23 17:08:33.936092,591.3861587499999,0,0,1,2,0,0,,autumn,0,0,1,0
620498827,9.2,5.744644,none,0.0,0.0,19.513195,32.760002,90.03249,991.33044,,2024-10-23 07:17:00.051163,2024-10-23 17:08:52.389299,591.8723022666667,0,0,1,2,0,0,,autumn,0,0,1,0
620624427,5.55,0.8839731,none,0.0,0.0,20.170443,34.92,80.15958,994.93286,,2024-10-24 07:20:57.083157,2024-10-24 17:06:58.922021,586.0306477333332,1,0,1,3,0,0,,autumn,0,0,1,0
620682027,8.25,3.4368668,none,0.0,0.0,21.806759,44.639996,69.01723,994.7472,,2024-10-24 07:20:30.635587,2024-10-24 17:07:59.168030,587.4755407166666,0,0,1,3,0,0,,autumn,0,0,1,0
620751227,8.35,3.129693,none,0.0,0.0,24.983713,44.28,70.02098,1000.71094,,2024-10-24 07:19:31.425544,2024-10-24 17:06:10.932406,586.6584477,0,0,1,3,0,0,,autumn,0,0,1,0
620765027,7.3,3.1548986,rain,0.4,0.0,21.112242,37.44,89.577545,994.5583,,2024-10-24 07:20:40.126282,2024-10-24 17:07:21.555436,586.6904859,0,1,0,3,0,0,,autumn,0,0,1,1
620696827,6.35,1.4879818,none,0.0,0.0,22.204296,36.0,78.86721,998.0313,,2024-10-24 07:20:09.068909,2024-10-24 17:06:40.638625,586.5261619333334,0,0,1,3,0,0,,autumn,0,0,1,0
620756027,7.15,3.0838065,rain,2.1,0.0,20.270588,33.12,89.25574,995.80023,,2024-10-24 07:20:19.528983,2024-10-24 17:06:42.808463,586.3879913333333,0,1,0,3,0,0,,autumn,0,0,1,1
620618627,6.9,1.4832745,none,0.0,0.0,24.713152,41.399998,70.47941,999.4754,,2024-10-24 07:19:34.180366,2024-10-24 17:06:26.036610,586.8642707333333,0,1,0,3,0,0,,autumn,0,0,1,1
620728027,7.8,3.4480562,rain,0.2,0.0,21.423023,40.68,82.18025,993.9211,,2024-10-24 07:21:24.065013,2024-10-24 17:07:06.275869,585.7035142666666,0,0,1,3,0,0,,autumn,0,0,1,0
620756427,7.3,3.1548986,rain,0.4,0.0,21.112242,37.44,89.577545,997.70044,,2024-10-24 07:20:32.866231,2024-10-24 17:07:24.124003,586.8542961999999,0,1,0,3,0,0,,autumn,0,0,1,1
620765827,7.45,3.5179868,rain,0.1,0.0,20.340796,33.48,91.46506,999.0953,,2024-10-24 07:19:41.764308,2024-10-24 17:06:13.874469,586.5351693499999,0,1,0,3,0,0,,autumn,0,0,1,1
620798227,8.1,3.6891527,rain,0.1,0.0,23.469818,41.399998,86.90326,997.6954,,2024-10-24 07:20:12.424550,2024-10-24 17:06:15.781548,586.0559499666667,0,1,0,3,0,0,,autumn,0,0,1,1
621688427,7.3,3.5523357,rain,0.2,0.0,18.161278,37.44,88.65154,994.793,,2024-10-24 07:19:07.504989,2024-10-24 17:05:33.091260,586.42643785,0,1,0,3,0,0,,autumn,0,0,1,1
621047427,5.8,1.1692934,none,0.0,0.0,20.05203,34.56,79.345795,997.18744,,2024-10-24 07:20:26.854562,2024-10-24 17:06:32.331829,586.0912877833333,0,0,1,3,0,0,,autumn,0,0,1,0
620643427,6.25,1.5786109,none,0.0,0.0,20.833395,35.64,79.13184,997.0521,,2024-10-24 07:20:53.470239,2024-10-24 17:06:58.428173,586.0826322333334,0,0,1,3,0,0,,autumn,0,0,1,0
620723627,8.05,3.1680508,rain,0.2,0.0,24.628447,41.399998,79.12202,998.8628,,2024-10-24 07:20:16.401117,2024-10-24 17:06:47.731365,586.5221708,0,0,1,3,0,0,,autumn,0,0,1,0
620787027,8.0,3.7092605,rain,0.1,0.0,21.960737,39.239998,84.814476,992.63824,,2024-10-24 07:20:40.637570,2024-10-24 17:07:22.856018,586.7036408,0,1,0,3,0,0,,autumn,0,0,1,1
620815227,6.85,2.3428211,none,0.0,0.0,20.157589,38.88,77.836395,1000.25305,,2024-10-24 07:19:33.332910,2024-10-24 17:06:12.830137,586.6582871166667,0,0,1,3,0,0,,autumn,0,0,1,0
621691627,7.25,3.0420103,rain,1.0,0.0,21.392754,35.64,89.26388,997.57587,,2024-10-24 07:20:22.075248,2024-10-24 17:07:21.336102,586.9876809,0,1,0,3,0,0,,autumn,0,0,1,1
620796627,8.65,3.3146648,rain,0.1,0.0,25.451387,43.199997,67.410805,998.0203,,2024-10-24 07:19:56.471852,2024-10-24 17:06:26.141892,586.4945006666666,0,0,1,3,0,0,,autumn,0,0,1,0
620666827,6.85,2.3428211,none,0.0,0.0,20.157589,38.88,77.836395,1002.68933,,2024-10-24 07:19:44.171647,2024-10-24 17:06:27.409178,586.7206255166667,0,0,1,3,0,0,,autumn,0,0,1,0
620749427,7.85,3.6158876,none,0.0,0.0,21.34803,38.519997,84.79768,995.95044,,2024-10-24 07:19:35.118170,2024-10-24 17:07:24.002165,587.8147332499999,0,1,0,3,0,0,,autumn,0,0,1,1
620630827,5.8,1.0147905,none,0.0,0.0,21.17354,37.44,79.628105,997.6502,,2024-10-24 07:19:19.926185,2024-10-24 17:05:41.622185,586.3616000000001,0,0,1,3,0,0,,autumn,0,0,1,0
620652227,6.85,2.473899,none,0.0,0.0,19.32382,38.88,78.11165,997.4836,,2024-10-24 07:20:04.433981,2024-10-24 17:06:35.779607,586.5224271000001,0,0,1,3,0,0,,autumn,0,0,1,0
620714027,8.45,3.9220304,none,0.0,0.0,20.562586,41.760002,70.78614,994.41766,,2024-10-24 07:19:29.879997,2024-10-24 17:07:01.653487,587.5295581666667,0,0,1,3,0,0,,autumn,0,0,1,0
620805427,7.85,3.6928487,rain,0.9,0.0,21.04461,39.96,85.68416,997.558,,2024-10-24 07:19:46.517915,2024-10-24 17:05:45.514827,585.9832818666667,0,0,1,3,0,0,,autumn,0,0,1,0
620892827,5.55,0.8839731,none,0.0,0.0,20.170443,34.92,80.15958,1000.6593,,2024-10-24 07:20:42.481495,2024-10-24 17:07:01.465883,586.3164064666666,0,1,0,3,0,0,,autumn,0,0,1,1
623348227,8.6,3.9100246,none,0.0,0.0,21.347271,44.28,68.84561,1000.0608,,2024-10-24 07:19:34.608174,2024-10-24 17:06:02.262162,586.4608998,0,0,1,3,0,0,,autumn,0,0,1,0
620687627,6.45,1.4379396,none,0.0,0.0,23.233253,37.44,78.32611,999.23047,,2024-10-24 07:19:25.533229,2024-10-24 17:06:07.854280,586.70535085,0,0,1,3,0,0,,autumn,0,0,1,0
620653027,5.65,1.2591834,none,0.0,0.0,18.782204,37.44,81.89904,991.69385,,2024-10-24 07:22:19.390979,2024-10-24 17:07:39.018246,585.3271211166667,0,0,1,3,0,0,,autumn,0,0,1,0
620683827,8.0,3.3447742,none,0.0,0.0,21.173542,46.079998,71.95804,992.55585,,2024-10-24 07:22:19.719536,2024-10-24 17:07:47.566917,585.4641230166667,0,0,1,3,0,0,,autumn,0,0,1,0
625906427,7.85,3.47759,rain,0.1,0.0,22.747044,37.8,86.578804,999.6673,,2024-10-24 07:19:44.910872,2024-10-24 17:06:38.674470,586.8960599666666,0,1,0,3,0,0,,autumn,0,0,1,1
620692027,8.0,2.5636477,none,0.0,0.0,26.725605,44.28,72.72385,1000.6436,,2024-10-24 07:19:25.345749,2024-10-24 17:06:16.499170,586.8525570166668,0,0,1,3,0,0,,autumn,0,0,1,0
620787827,5.95,2.3621101,none,0.0,0.0,15.124284,29.16,88.5351,998.03265,,2024-10-25 07:21:25.015082,2024-10-25 17:03:12.917331,581.7983708166666,0,0,1,4,0,0,,autumn,0,0,1,0
620797227,6.1,2.2087784,none,0.0,0.0,17.273436,31.68,87.930275,998.33746,,2024-10-25 07:21:27.260350,2024-10-25 17:04:32.903538,583.0940531333333,0,0,1,4,0,0,,autumn,0,0,1,0
620876627,5.8,1.2918253,none,0.0,0.0,15.273505,28.08,61.42941,1003.2096,,2024-10-25 07:21:47.199098,2024-10-25 17:03:56.189476,582.1498396333334,0,0,1,4,0,0,,autumn,0,0,1,0
620777427,6.3,2.9918413,none,0.0,0.0,14.264361,28.44,91.07177,996.52716,,2024-10-25 07:22:58.484333,2024-10-25 17:06:11.310954,583.2137770166667,0,1,0,4,0,0,,autumn,0,0,0,1
620843227,6.65,2.0989957,none,0.0,0.0,18.59845,35.64,70.935005,999.9724,,2024-10-25 07:23:12.641947,2024-10-25 17:04:57.888699,581.7541125333333,0,0,1,4,0,0,,autumn,0,0,1,0
620854427,6.6,1.8996735,none,0.0,0.0,19.387428,34.92,70.16792,999.8707,,2024-10-25 07:21:39.636745,2024-10-25 17:04:23.834256,582.7366251833333,0,0,1,4,0,0,,autumn,0,0,1,0
620893827,6.25,1.9619865,none,0.0,0.0,19.448332,33.839996,84.61692,1004.229,,2024-10-25 07:21:08.499387,2024-10-25 17:03:58.589952,582.83484275,0,0,1,4,0,0,,autumn,0,0,1,0
620894627,3.85,0.74901533,none,0.0,0.0,5.771239,18.359999,71.15186,1004.55084,,2024-10-25 07:22:13.659865,2024-10-25 17:04:26.491943,582.2138679666666,0,1,0,4,0,0,,autumn,0,0,0,1
620925427,-0.45,-3.8990521,none,0.0,0.0,7.327127,10.440001,90.92506,1001.971,,2024-10-25 07:21:12.199387,2024-10-25 17:04:16.194039,583.0665775333333,0,1,0,4,0,0,,autumn,0,0,0,1
620984627,6.4,1.7792964,none,0.0,0.0,19.434166,34.56,73.72763,1001.53436,,2024-10-25 07:21:51.813768,2024-10-25 17:04:01.502255,582.1614747833333,0,0,1,4,0,0,,autumn,0,0,1,0
621304827,6.1,1.9322238,none,0.0,0.0,18.623693,33.839996,85.496864,1001.28613,,2024-10-25 07:21:30.315662,2024-10-25 17:03:37.113835,582.1133028833334,0,0,1,4,0,0,,autumn,0,0,1,0
620827227,6.3,1.6986461,none,0.0,0.0,19.121557,33.12,73.44682,1001.016,,2024-10-25 07:21:56.983267,2024-10-25 17:04:04.519843,582.1256096,0,0,1,4,0,0,,autumn,0,0,1,0
621446027,4.8,0.78479815,none,0.0,0.0,11.892265,25.199999,65.84778,1001.5449,,2024-10-25 07:21:03.601878,2024-10-25 17:04:04.806953,583.0200845833333,0,0,1,4,0,0,,autumn,0,0,0,0
620861227,6.6,2.153184,none,0.0,0.0,17.47484,35.28,69.41786,1000.0665,,2024-10-25 07:21:36.922647,2024-10-25 17:04:54.232840,583.2885032166666,0,0,1,4,0,0,,autumn,0,0,1,0
620801427,6.1,1.8891582,none,0.0,0.0,18.58451,31.68,84.00642,1003.2922,,2024-10-25 07:22:01.455090,2024-10-25 17:04:29.036178,582.4596848,0,0,1,4,0,0,,autumn,0,0,1,0
620879627,6.3,1.9296756,none,0.0,0.0,16.663374,29.88,69.60584,1001.43634,,2024-10-25 07:22:39.453571,2024-10-25 17:04:29.648832,581.8365876833334,0,0,1,4,0,0,,autumn,0,0,1,0
621364027,-1.05,-4.2502904,none,0.0,0.0,5.2478566,9.36,92.23486,1001.49036,,2024-10-25 07:23:12.229904,2024-10-25 17:04:45.503818,581.5545652333333,0,1,0,4,0,0,,autumn,0,0,0,1
621357427,-0.85,-4.2418485,none,0.0,0.0,6.379216,8.64,89.56319,1001.66,,2024-10-25 07:22:29.280410,2024-10-25 17:05:19.921243,582.8440138833333,0,1,0,4,0,0,,autumn,0,0,0,1
620922827,4.8,0.78479815,none,0.0,0.0,11.892265,25.199999,65.84778,1005.6007,,2024-10-25 07:21:10.089348,2024-10-25 17:03:53.561455,582.7245351166667,0,0,1,4,0,0,,autumn,0,0,0,0
620920427,0.05,-3.3891034,none,0.0,0.0,7.7879906,10.440001,91.29449,1003.49396,,2024-10-25 07:22:37.760740,2024-10-25 17:05:04.525533,582.4460798833334,0,1,0,4,0,0,,autumn,0,0,0,1
620818227,6.35,1.6204686,rain,0.1,0.0,20.606659,34.56,75.848946,1001.26056,,2024-10-25 07:21:48.882530,2024-10-25 17:04:05.205365,582.27204725,0,0,1,4,0,0,,autumn,0,0,1,0
620857027,6.3,1.7825861,none,0.0,0.0,17.615187,30.239998,69.356224,1001.58215,,2024-10-25 07:21:57.766723,2024-10-25 17:04:02.635816,582.0811515500001,0,0,1,4,0,0,,autumn,0,0,1,0
620911827,1.4,-1.7491832,none,0.0,0.0,6.502461,10.440001,87.17268,1003.8449,,2024-10-25 07:21:09.943260,2024-10-25 17:04:24.090118,583.2357809666667,0,1,0,4,0,0,,autumn,0,0,0,1
620803827,6.2,1.7954655,rain,0.1,0.0,18.501513,34.92,77.18373,1000.7624,,2024-10-25 07:21:18.349064,2024-10-25 17:03:42.471521,582.40204095,0,0,1,4,0,0,,autumn,0,0,1,0
620820627,5.8,1.6686707,none,0.0,0.0,17.709658,36.0,84.26776,996.567,,2024-10-25 07:23:28.439927,2024-10-25 17:06:41.477167,583.2172873333333,0,0,1,4,0,0,,autumn,0,0,1,0
620928827,-1.15,-4.5765433,none,0.0,0.0,7.0774574,9.72,94.990265,1004.86975,,2024-10-26 07:24:19.886091,2024-10-26 17:02:02.831987,577.7157649333333,0,1,0,5,1,0,,autumn,0,0,0,1
620966827,4.65,1.5954704,none,0.0,0.0,8.217153,16.56,80.89381,1005.5562,,2024-10-26 07:24:28.066490,2024-10-26 17:01:51.335050,577.3878093333333,0,0,1,5,1,0,,autumn,0,0,0,0
621004827,4.75,1.7673979,none,0.0,0.0,10.094454,15.84,91.931564,1003.5242,,2024-10-26 07:23:22.401399,2024-10-26 17:02:09.009531,578.7768022,0,1,0,5,1,0,,autumn,0,0,0,1
621003827,4.85,1.7993717,none,0.0,0.0,10.429132,16.919998,90.65158,1003.7045,,2024-10-26 07:23:13.616440,2024-10-26 17:01:06.851353,577.88724855,0,1,0,5,1,0,,autumn,0,0,0,1
621004227,5.15,2.02604,none,0.0,0.0,11.465024,18.359999,91.312836,1001.49603,,2024-10-26 07:23:46.082092,2024-10-26 17:02:08.934425,578.3808722166667,0,1,0,5,1,0,,autumn,0,0,0,1
620990427,8.35,5.70669,none,0.0,0.0,10.814989,24.119999,83.39895,998.73035,,2024-10-26 07:26:31.610259,2024-10-26 17:03:09.473881,576.6310603666666,0,0,1,5,1,0,,autumn,0,0,0,0
621207427,-1.2,-4.7162714,none,0.0,0.0,7.186487,11.159999,91.546165,1009.2935,,2024-10-26 07:24:15.288456,2024-10-26 17:02:16.437118,578.0191443666666,0,1,0,5,1,0,,autumn,0,0,0,1
621239827,5.55,2.5816908,none,0.0,0.0,11.362834,19.08,93.27697,1004.3452,,2024-10-26 07:24:29.245288,2024-10-26 17:01:31.311867,577.0344429833333,0,1,0,5,1,0,,autumn,0,0,0,1
621032427,5.85,2.9890947,none,0.0,0.0,10.981475,19.08,92.96798,1006.45184,,2024-10-26 07:23:24.087952,2024-10-26 17:01:56.815830,578.5454646333333,0,1,0,5,1,0,,autumn,0,0,0,1
620965027,5.0,2.011764,none,0.0,0.0,7.7043357,16.56,78.66168,1007.65027,,2024-10-26 07:23:17.848416,2024-10-26 17:01:26.642124,578.1465618,0,0,1,5,1,0,,autumn,0,0,0,0
621015227,6.15,3.2192078,none,0.0,0.0,11.53265,19.8,91.3795,1002.45636,,2024-10-26 07:23:17.353983,2024-10-26 17:01:57.323720,578.6661622833333,0,1,0,5,1,0,,autumn,0,0,0,1
621027627,5.0,1.7827196,none,0.0,0.0,12.24,21.599998,92.92136,1007.4327,,2024-10-26 07:23:56.104259,2024-10-26 17:01:58.233072,578.0354802166668,0,1,0,5,1,0,,autumn,0,0,0,1
621061227,6.1,3.0855203,none,0.0,0.0,11.892265,20.16,90.74092,1004.9229,,2024-10-26 07:24:15.975811,2024-10-26 17:02:00.234629,577.7376469666667,0,1,0,5,1,0,,autumn,0,0,0,1
621718827,6.15,2.9955344,none,0.0,0.0,12.781267,20.880001,90.11334,1007.28107,,2024-10-26 07:23:59.510517,2024-10-26 17:01:59.884656,578.00623565,0,1,0,5,1,0,,autumn,0,0,0,1
621010427,4.8,1.8884068,none,0.0,0.0,10.3480425,19.44,95.22246,1001.1725,,2024-10-26 07:26:06.845296,2024-10-26 17:05:34.165313,579.4553336166666,0,1,0,5,1,0,,autumn,0,0,0,1
621011027,5.0,1.6988006,none,0.0,0.0,12.815443,20.16,92.92136,1004.9211,,2024-10-26 07:24:09.938693,2024-10-26 17:02:00.240739,577.8383674333332,0,1,0,5,1,0,,autumn,0,0,0,1
621008027,5.15,2.02604,none,0.0,0.0,11.465024,18.359999,91.312836,1003.9473,,2024-10-26 07:23:31.125100,2024-10-26 17:02:08.375638,578.6208423,0,1,0,5,1,0,,autumn,0,0,0,1
621091627,5.2,1.830739,none,0.0,0.0,13.6242285,24.119999,93.25862,1003.41187,,2024-10-26 07:24:38.668380,2024-10-26 17:02:55.161740,578.2748893333334,0,1,0,5,1,0,,autumn,0,0,0,1
621201627,4.8,1.9093666,none,0.0,0.0,7.0934615,15.4800005,80.05151,1007.02075,,2024-10-26 07:23:02.102119,2024-10-26 17:01:03.255275,578.0192192666667,0,0,1,5,1,0,,autumn,0,0,0,0
621542427,6.85,3.7048182,none,0.0,0.0,11.952054,20.519999,82.63452,1004.2179,,2024-10-26 07:24:55.750761,2024-10-26 17:02:11.918357,577.2694599333333,0,0,1,5,1,0,,autumn,0,0,0,0
621011427,6.2,3.1452045,none,0.0,0.0,12.24,22.319998,90.43208,1006.0814,,2024-10-26 07:24:09.618622,2024-10-26 17:01:21.935831,577.2052868166667,0,1,0,5,1,0,,autumn,0,0,0,1
621654427,5.15,1.7584238,none,0.0,0.0,13.708391,24.119999,93.25598,998.61237,,2024-10-26 07:24:08.313014,2024-10-26 17:02:52.585068,578.7378675666666,0,1,0,5,1,0,,autumn,0,0,0,1
621258627,5.15,2.1444979,none,0.0,0.0,10.787993,16.919998,91.956535,1003.1876,,2024-10-26 07:24:36.298201,2024-10-26 17:02:00.953645,577.4109240666668,0,1,0,5,1,0,,autumn,0,0,0,1
620951627,3.55,0.25591946,none,0.0,0.0,8.775807,16.919998,81.61815,1005.23065,,2024-10-26 07:24:22.979719,2024-10-26 17:02:03.878488,577.68164615,0,0,1,5,1,0,,autumn,0,0,0,0
620999227,7.85,4.6554585,none,0.0,0.0,13.41453,23.759998,81.61627,1005.0436,,2024-10-26 07:24:33.857347,2024-10-26 17:02:38.054602,578.06995425,0,0,1,5,1,0,,autumn,0,0,0,0
621003427,5.15,2.02604,none,0.0,0.0,11.465024,18.359999,91.312836,1001.9857,,2024-10-26 07:23:41.036199,2024-10-26 17:02:23.128970,578.7015461833333,0,1,0,5,1,0,,autumn,0,0,0,1
621003027,5.7,2.856676,none,0.0,0.0,9.676569,19.44,88.51334,1005.018,,2024-10-26 07:23:34.269273,2024-10-26 17:02:17.610055,578.7223463666667,0,0,1,5,1,0,,autumn,0,0,0,0
621656227,5.05,1.8517694,none,0.0,0.0,12.313893,21.599998,93.57836,1002.4442,,2024-10-26 07:25:32.987295,2024-10-26 17:03:32.538566,577.9925211833332,0,1,0,5,1,0,,autumn,0,0,0,1
621033027,5.0,2.254674,none,0.0,0.0,9.208192,16.199999,93.904625,1004.5758,,2024-10-27 07:27:52.548003,2024-10-27 17:01:33.840926,573.6882153833334,0,1,0,6,1,0,,autumn,0,0,0,1
621067427,4.85,2.1696033,none,0.0,0.0,8.490582,14.759999,93.56834,1003.5086,,2024-10-27 07:25:39.848960,2024-10-27 16:59:52.052331,574.2033895166667,0,0,1,6,1,0,,autumn,0,0,0,0
621074627,6.55,4.869379,none,0.0,0.0,2.8174455,11.5199995,88.278656,1007.77167,,2024-10-27 07:25:51.759744,2024-10-27 16:59:13.019050,573.3543217666667,0,0,1,6,1,0,,autumn,0,0,0,0
621075827,6.5,4.6063013,none,0.0,0.0,4.3498964,12.959999,88.89223,1000.94794,,2024-10-27 07:26:18.593645,2024-10-27 17:00:04.995014,573.77335615,0,0,1,6,1,0,,autumn,0,0,0,0
621102027,5.6,2.9978452,none,0.0,0.0,8.641874,10.440001,91.984505,1000.7008,,2024-10-27 07:25:29.035567,2024-10-27 17:00:00.863494,574.53046545,0,0,1,6,1,0,,autumn,0,0,0,0
621042227,5.7,2.7304235,none,0.0,0.0,11.16145,19.8,91.34961,1002.0786,,2024-10-27 07:26:51.208140,2024-10-27 17:00:31.460764,573.6708770666667,0,1,0,6,1,0,,autumn,0,0,0,1
621092827,8.1,6.7298927,none,0.0,0.0,2.16,9.0,85.119736,1003.62146,,2024-10-27 07:26:27.184736,2024-10-27 17:01:20.909384,574.8954108,0,0,1,6,1,0,,autumn,0,0,0,0
621101227,8.2,6.7250614,none,0.0,0.0,3.4152596,9.0,86.61369,999.0179,,2024-10-27 07:26:21.111119,2024-10-27 17:00:19.657878,573.9757793166666,0,0,1,6,1,0,,autumn,0,0,0,0
621102827,5.1,2.8219995,none,0.0,0.0,6.279395,9.72,94.56953,999.2194,,2024-10-27 07:26:50.131116,2024-10-27 16:59:33.767482,572.7272727666666,0,1,0,6,1,0,,autumn,0,0,0,1
621100627,7.85,6.17457,none,0.0,0.0,3.8773184,8.64,85.09227,1002.98785,,2024-10-27 07:26:16.948132,2024-10-27 16:59:40.907627,573.3993249166667,0,0,1,6,1,0,,autumn,0,0,0,0
621101627,5.15,2.5440874,none,0.0,0.0,8.320986,9.72,93.25598,1003.63135,,2024-10-27 07:26:12.009823,2024-10-27 16:59:42.806060,573.5132706166667,1,0,0,6,1,0,,autumn,0,0,0,0
621043627,5.35,2.34935,none,0.0,0.0,11.165805,19.44,92.61572,1001.7331,,2024-10-27 07:26:40.299092,2024-10-27 17:00:39.366702,573.9844601666666,0,1,0,6,1,0,,autumn,0,0,0,1
621103227,6.05,3.7077794,none,0.0,0.0,7.353611,11.5199995,91.37288,1000.6136,,2024-10-27 07:25:49.859600,2024-10-27 16:59:51.078771,574.0203195166666,0,1,0,6,1,0,,autumn,0,0,0,1
621296427,6.05,3.5145836,rain,0.1,0.0,8.536252,14.04,90.73737,998.5436,,2024-10-27 07:26:29.477239,2024-10-27 17:00:37.739456,574.1377036166667,0,1,0,6,1,0,,autumn,0,0,0,1
621110827,5.5,3.4975724,none,0.0,0.0,5.09435,8.64,95.248726,1005.5204,,2024-10-27 07:26:04.247589,2024-10-27 16:59:41.370319,573.6187121666667,0,1,0,6,1,0,,autumn,0,0,0,1
621087227,8.1,6.3079205,none,0.0,0.0,4.752136,11.5199995,83.94876,1000.9026,,2024-10-27 07:26:47.845370,2024-10-27 16:59:28.537265,572.67819825,0,0,1,6,1,0,,autumn,0,0,0,0
621126627,7.5,5.7691927,none,0.0,0.0,3.96,10.440001,85.94499,1001.24585,,2024-10-27 07:26:12.939567,2024-10-27 17:00:04.093123,573.8525592666666,0,0,1,6,1,0,,autumn,0,0,0,0
621116427,2.5,-0.2843194,none,0.0,0.0,7.386582,10.440001,100.0,1002.4795,,2024-10-28 07:27:38.220934,2024-10-28 16:57:00.455121,569.3705697833334,0,1,0,0,0,0,,autumn,0,0,0,1
621212027,8.25,5.6117773,rain,0.1,0.0,12.580699,22.68,90.89169,996.6704,,2024-10-28 07:29:18.667069,2024-10-28 16:58:05.765341,568.7849712000001,0,1,0,0,0,0,,autumn,0,0,0,1
621210227,8.2,5.556554,rain,0.1,0.0,12.535548,20.519999,90.88823,993.7556,,2024-10-28 07:28:34.310270,2024-10-28 16:57:29.246512,568.9156040333334,0,1,0,0,0,0,,autumn,0,0,0,1
621216827,8.05,5.4267197,rain,0.1,0.0,12.236029,21.24,91.19048,986.3227,,2024-10-28 07:28:15.548223,2024-10-28 16:58:07.989614,569.8740231833333,0,1,0,0,0,0,,autumn,0,0,0,1
621428827,8.05,5.552435,rain,0.4,0.0,11.778658,19.44,92.76815,993.25464,,2024-10-28 07:28:35.511241,2024-10-28 16:57:29.015337,568.8917349333333,0,1,0,0,0,0,,autumn,0,0,0,1
